,user_id,timestamp,svid,constellation,?column?,?column?,?column?,state,pseudorange_rate_mps,pseudorange_rate_uncertainty_mps,accumulated_deltarange,accumulated_deltarange_metres,accumulated_deltarange_uncertainty_metres,carrier_frequency_hz,carrier_cycles,carrier_phase,carrier_phase_uncertainty,altitude,speed,agc_level,multipath_indicator,time_nanos,time_uncertainty_nanos,full_bias_nanos,bias_nanos,leap_seconds,drift_nanos_ps,received_svtime_nanos,received_svtime_uncertainty_nanos
0,OZSnmtNCSiOMmNqepuzYsl3HGn92,2022-04-21 22:42:16+00:00,22,1,cn0_dBHz,baseband_cn0_dBHz,snr_dB,47,245.509362821673,0.148940800975766,17,6620.74237064615,0.00271145859733223,1599750020.0,,,,,,,0,116834000000,0.0,-1189181444165780000,,,,3927349114.0,29.0
1,OZSnmtNCSiOMmNqepuzYsl3HGn92,2022-04-21 22:42:17+00:00,32,1,cn0_dBHz,baseband_cn0_dBHz,snr_dB,47,581.800347848025,0.109060249597082,17,15707.8963147985,0.00205808319151401,1599750020.0,,,,,,,0,116834000000,0.0,-1189181444165780000,,,,3919018415.0,21.0
2,JmQFZeoQ5DYNWVAUg2dtWXflot63,2022-04-21 23:44:15+00:00,11,3,cn0_dBHz,baseband_cn0_dBHz,snr_dB,33,0.0,0.1,0,0.0,0.0,,,0.7599044647067785,,,,,0,1334616272000000000,,-2225,-0.6642817967626797,,-1249.23222718298,5363411.0,25.0
3,JmQFZeoQ5DYNWVAUg2dtWXflot63,2022-04-21 23:58:35+00:00,2,1,cn0_dBHz,baseband_cn0_dBHz,snr_dB,3,-822.0093466574326,0.1,0,0.0,0.0,,,0.9746752679347992,,,,,0,1334617132040000000,,-2225,-0.6642817967626797,,-1249.23222718298,10825788.0,25.0
4,JmQFZeoQ5DYNWVAUg2dtWXflot63,2022-04-21 23:58:48+00:00,2,1,cn0_dBHz,baseband_cn0_dBHz,snr_dB,3,-821.323962364113,0.1,0,0.0,0.0,,,0.8115055486559868,,,,,0,1334617145040000000,,-2225,-0.6642817967626797,,-1249.23222718298,10861456.0,25.0
5,JmQFZeoQ5DYNWVAUg2dtWXflot63,2022-04-21 23:58:50+00:00,2,1,cn0_dBHz,baseband_cn0_dBHz,snr_dB,3,-820.9840117546264,0.1,0,0.0,0.0,,,0.17932644486427307,,,,,0,1334617147040000000,,-2225,-0.6642817967626797,,-1249.23222718298,10866917.0,25.0
6,JmQFZeoQ5DYNWVAUg2dtWXflot63,2022-04-21 23:58:51+00:00,2,1,cn0_dBHz,baseband_cn0_dBHz,snr_dB,3,-821.10573600512,0.1,0,0.0,0.0,,,0.09082216024398804,,,,,0,1334617148040000000,,-2225,-0.6642817967626797,,-1249.23222718298,10869641.0,25.0
7,JmQFZeoQ5DYNWVAUg2dtWXflot63,2022-04-21 23:58:52+00:00,2,1,cn0_dBHz,baseband_cn0_dBHz,snr_dB,3,-820.7800413889345,0.1,0,0.0,0.0,,,0.3449624255299568,,,,,0,1334617149040000000,,-2225,-0.6642817967626797,,-1249.23222718298,10872370.0,25.0
8,JmQFZeoQ5DYNWVAUg2dtWXflot63,2022-04-21 23:59:02+00:00,2,1,cn0_dBHz,baseband_cn0_dBHz,snr_dB,3,-820.4993079823907,0.1,0,0.0,0.0,,,0.38704366981983185,,,,,0,1334617159040000000,,-2225,-0.6642817967626797,,-1249.23222718298,10899757.0,25.0
9,JmQFZeoQ5DYNWVAUg2dtWXflot63,2022-04-21 23:59:12+00:00,2,1,cn0_dBHz,baseband_cn0_dBHz,snr_dB,3,-819.5474462758284,0.1,0,0.0,0.0,,,0.7895283028483391,,,,,0,1334617169040000000,,-2225,-0.6642817967626797,,-1249.23222718298,10927095.0,400.0
10,JmQFZeoQ5DYNWVAUg2dtWXflot63,2022-04-21 23:59:15+00:00,2,1,cn0_dBHz,baseband_cn0_dBHz,snr_dB,3,-819.7382572630886,0.1,0,0.0,0.0,,,0.2880394272506237,,,,,0,1334617172040000000,,-2225,-0.6642817967626797,,-1249.23222718298,10935278.0,25.0
11,JmQFZeoQ5DYNWVAUg2dtWXflot63,2022-04-21 23:59:16+00:00,2,1,cn0_dBHz,baseband_cn0_dBHz,snr_dB,3,-819.7525132563896,0.1,0,0.0,0.0,,,0.8437034636735916,,,,,0,1334617173040000000,,-2225,-0.6642817967626797,,-1249.23222718298,10938020.0,25.0
12,JmQFZeoQ5DYNWVAUg2dtWXflot63,2022-04-21 23:59:30+00:00,2,1,cn0_dBHz,baseband_cn0_dBHz,snr_dB,3,-818.2117693650071,0.1,0,0.0,0.0,,,0.6314445734024048,,,,,0,1334617187040000000,,-2225,-0.6642817967626797,,-1249.23222718298,10976287.0,400.0
13,JmQFZeoQ5DYNWVAUg2dtWXflot63,2022-04-21 23:59:34+00:00,2,1,cn0_dBHz,baseband_cn0_dBHz,snr_dB,3,-818.1086875672918,0.1,0,0.0,0.0,,,0.8346349149942398,,,,,0,1334617191040000000,,-2225,-0.6642817967626797,,-1249.23222718298,10987156.0,400.0
14,OZSnmtNCSiOMmNqepuzYsl3HGn92,2022-04-21 22:42:18+00:00,22,1,cn0_dBHz,baseband_cn0_dBHz,snr_dB,47,245.509362821673,0.148940800975766,17,6620.74237064615,0.00271145859733223,1599750020.0,,,,,,,0,116834000000,0.0,-1189181444165780000,,,,3927349114.0,29.0
15,JmQFZeoQ5DYNWVAUg2dtWXflot63,2022-04-22 00:25:37+00:00,26,1,cn0_dBHz,baseband_cn0_dBHz,snr_dB,3,-402.634212031262,0.1,0,0.0,0.0,,,0.7961409986019135,,,,,0,1334618754000000000,,-2225,-0.6642817967626797,,-1249.23222718298,15075286.0,400.0
16,JmQFZeoQ5DYNWVAUg2dtWXflot63,2022-04-22 00:25:40+00:00,26,1,cn0_dBHz,baseband_cn0_dBHz,snr_dB,3,-403.45447995350696,0.1,0,0.0,0.0,,,0.29876089468598366,,,,,0,1334618757000000000,,-2225,-0.6642817967626797,,-1249.23222718298,15079192.0,400.0
17,JmQFZeoQ5DYNWVAUg2dtWXflot63,2022-04-22 00:47:49+00:00,29,1,cn0_dBHz,baseband_cn0_dBHz,snr_dB,16399,-690.5899241042789,0.1,0,0.0,0.0,,,0.4880908913910389,,,,,0,1334620087989977856,,-2225,-0.6642817967626797,,-1249.23222718298,431287915116882.0,25.0
18,JmQFZeoQ5DYNWVAUg2dtWXflot63,2022-04-22 00:47:50+00:00,29,1,cn0_dBHz,baseband_cn0_dBHz,snr_dB,16399,-690.3300263802521,0.1,0,0.0,0.0,,,0.17853181064128876,,,,,0,1334620088989977856,,-2225,-0.6642817967626797,,-1249.23222718298,431288915119176.0,25.0
19,JmQFZeoQ5DYNWVAUg2dtWXflot63,2022-04-22 00:47:51+00:00,29,1,cn0_dBHz,baseband_cn0_dBHz,snr_dB,16399,-690.1063169469126,0.1,0,0.0,0.0,,,0.6202198192477226,,,,,0,1334620089989977856,,-2225,-0.6642817967626797,,-1249.23222718298,431289915121469.0,25.0
20,OZSnmtNCSiOMmNqepuzYsl3HGn92,2022-04-21 22:42:19+00:00,22,1,cn0_dBHz,baseband_cn0_dBHz,snr_dB,47,245.509362821673,0.148940800975766,17,6620.74237064615,0.00271145859733223,1599750020.0,,,,,,,0,116834000000,0.0,-1189181444165780000,,,,3927349114.0,29.0
21,JmQFZeoQ5DYNWVAUg2dtWXflot63,2022-04-22 00:47:52+00:00,29,1,cn0_dBHz,baseband_cn0_dBHz,snr_dB,3,-689.7126322088297,0.1,0,0.0,0.0,,,0.45896564424037933,,,,,0,1334620090989977856,,-2225,-0.6642817967626797,,-1249.23222718298,15123762.0,25.0
22,JmQFZeoQ5DYNWVAUg2dtWXflot63,2022-04-22 00:47:53+00:00,29,1,cn0_dBHz,baseband_cn0_dBHz,snr_dB,3,-689.9056364258286,0.1,0,0.0,0.0,,,0.653534684330225,,,,,0,1334620091989977856,,-2225,-0.6642817967626797,,-1249.23222718298,15126069.0,25.0
23,JmQFZeoQ5DYNWVAUg2dtWXflot63,2022-04-22 00:47:54+00:00,29,1,cn0_dBHz,baseband_cn0_dBHz,snr_dB,3,-689.9933656153735,0.1,0,0.0,0.0,,,0.6549650058150291,,,,,0,1334620092989977856,,-2225,-0.6642817967626797,,-1249.23222718298,15128373.0,25.0
24,JmQFZeoQ5DYNWVAUg2dtWXflot63,2022-04-22 00:47:55+00:00,29,1,cn0_dBHz,baseband_cn0_dBHz,snr_dB,3,-689.8310666147154,0.1,0,0.0,0.0,,,0.8707600198686123,,,,,0,1334620093989977856,,-2225,-0.6642817967626797,,-1249.23222718298,15130670.0,25.0
25,JmQFZeoQ5DYNWVAUg2dtWXflot63,2022-04-22 01:07:58+00:00,20,1,cn0_dBHz,baseband_cn0_dBHz,snr_dB,3,-894.7554872429464,0.1,0,0.0,0.0,,,0.8502141982316971,,,,,0,1334621296716777984,,-2225,-0.6642817967626797,,-1249.23222718298,2019849.0,400.0
26,OZSnmtNCSiOMmNqepuzYsl3HGn92,2022-04-21 22:42:20+00:00,22,1,cn0_dBHz,baseband_cn0_dBHz,snr_dB,47,245.509362821673,0.148940800975766,17,6620.74237064615,0.00271145859733223,1599750020.0,,,,,,,0,116834000000,0.0,-1189181444165780000,,,,3927349114.0,29.0
27,JmQFZeoQ5DYNWVAUg2dtWXflot63,2022-04-22 01:22:48+00:00,12,3,cn0_dBHz,baseband_cn0_dBHz,snr_dB,33,172.22523555630804,0.1,0,0.0,0.0,,,0.06666867714375257,,,,,0,1334622185961842432,,-2225,-0.6642817967626797,,-1262.5624491193837,6027533.0,10.0
28,JmQFZeoQ5DYNWVAUg2dtWXflot63,2022-04-22 01:07:02+00:00,5,1,cn0_dBHz,baseband_cn0_dBHz,snr_dB,3,-1029.7981253243051,0.1,0,0.0,0.0,,,0.07046756148338318,,,,,0,1334621240716777984,,-2225,-0.6642817967626797,,-1249.23222718298,13809668.0,400.0
29,JmQFZeoQ5DYNWVAUg2dtWXflot63,2022-04-22 01:22:49+00:00,16,1,cn0_dBHz,baseband_cn0_dBHz,snr_dB,7,-425.0413436559029,0.1,0,0.0,0.0,,,0.7143244296312332,,,,,0,1334622186961842432,,-2225,-0.6642817967626797,,-1262.5624491193837,881227194.0,25.0
30,JmQFZeoQ5DYNWVAUg2dtWXflot63,2022-04-22 01:22:51+00:00,16,1,cn0_dBHz,baseband_cn0_dBHz,snr_dB,16399,-425.002962135477,0.1,0,0.0,0.0,,,0.9161728173494339,,,,,0,1334622188961842432,,-2225,-0.6642817967626797,,-1262.5624491193837,433388881230033.0,25.0
31,JmQFZeoQ5DYNWVAUg2dtWXflot63,2022-04-22 01:07:05+00:00,20,1,cn0_dBHz,baseband_cn0_dBHz,snr_dB,3,-895.1787805825006,0.1,0,0.0,0.0,,,0.879001971334219,,,,,0,1334621243716777984,,-2225,-0.6642817967626797,,-1249.23222718298,1861538.0,400.0
32,OZSnmtNCSiOMmNqepuzYsl3HGn92,2022-04-21 22:42:21+00:00,22,1,cn0_dBHz,baseband_cn0_dBHz,snr_dB,47,245.509362821673,0.148940800975766,17,6620.74237064615,0.00271145859733223,1599750020.0,,,,,,,0,116834000000,0.0,-1189181444165780000,,,,3927349114.0,29.0
33,JmQFZeoQ5DYNWVAUg2dtWXflot63,2022-04-21 23:58:36+00:00,2,1,cn0_dBHz,baseband_cn0_dBHz,snr_dB,3,-821.788927068701,0.1,0,0.0,0.0,,,0.7938907817006111,,,,,0,1334617133040000000,,-2225,-0.6642817967626797,,-1249.23222718298,10828533.0,25.0
34,JmQFZeoQ5DYNWVAUg2dtWXflot63,2022-04-21 23:58:40+00:00,2,1,cn0_dBHz,baseband_cn0_dBHz,snr_dB,3,-821.7856372240931,0.1,0,0.0,0.0,,,0.5878954827785492,,,,,0,1334617137040000000,,-2225,-0.6642817967626797,,-1249.23222718298,10839513.0,25.0
35,JmQFZeoQ5DYNWVAUg2dtWXflot63,2022-04-21 23:58:49+00:00,2,1,cn0_dBHz,baseband_cn0_dBHz,snr_dB,3,-821.038842498092,0.1,0,0.0,0.0,,,0.9520965479314327,,,,,0,1334617146040000000,,-2225,-0.6642817967626797,,-1249.23222718298,10864188.0,25.0
36,JmQFZeoQ5DYNWVAUg2dtWXflot63,2022-04-21 23:58:53+00:00,2,1,cn0_dBHz,baseband_cn0_dBHz,snr_dB,3,-820.8162296796218,0.1,0,0.0,0.0,,,0.6974077522754669,,,,,0,1334617150040000000,,-2225,-0.6642817967626797,,-1249.23222718298,10875095.0,25.0
37,JmQFZeoQ5DYNWVAUg2dtWXflot63,2022-04-21 23:59:03+00:00,2,1,cn0_dBHz,baseband_cn0_dBHz,snr_dB,3,-820.151681068819,0.1,0,0.0,0.0,,,0.5661751255393028,,,,,0,1334617160040000000,,-2225,-0.6642817967626797,,-1249.23222718298,10902491.0,25.0
38,JmQFZeoQ5DYNWVAUg2dtWXflot63,2022-04-21 23:59:17+00:00,2,1,cn0_dBHz,baseband_cn0_dBHz,snr_dB,3,-819.5277072081808,0.1,0,0.0,0.0,,,0.17318064346909523,,,,,0,1334617174040000000,,-2225,-0.6642817967626797,,-1249.23222718298,10940777.0,25.0
39,JmQFZeoQ5DYNWVAUg2dtWXflot63,2022-04-21 23:59:19+00:00,2,1,cn0_dBHz,baseband_cn0_dBHz,snr_dB,3,-819.4794561539311,0.1,0,0.0,0.0,,,0.9878618232905865,,,,,0,1334617176040000000,,-2225,-0.6642817967626797,,-1249.23222718298,10946235.0,25.0
40,JmQFZeoQ5DYNWVAUg2dtWXflot63,2022-04-21 23:59:20+00:00,2,1,cn0_dBHz,baseband_cn0_dBHz,snr_dB,3,-819.4114660320338,0.1,0,0.0,0.0,,,0.8014204427599907,,,,,0,1334617177040000000,,-2225,-0.6642817967626797,,-1249.23222718298,10948969.0,25.0
41,JmQFZeoQ5DYNWVAUg2dtWXflot63,2022-04-21 23:59:21+00:00,2,1,cn0_dBHz,baseband_cn0_dBHz,snr_dB,3,-819.0715154225472,0.1,0,0.0,0.0,,,0.6331730969250202,,,,,0,1334617178040000000,,-2225,-0.6642817967626797,,-1249.23222718298,10951674.0,25.0
42,JmQFZeoQ5DYNWVAUg2dtWXflot63,2022-04-21 23:59:35+00:00,2,1,cn0_dBHz,baseband_cn0_dBHz,snr_dB,3,-818.1503589323256,0.1,0,0.0,0.0,,,0.11063336953520775,,,,,0,1334617192040000000,,-2225,-0.6642817967626797,,-1249.23222718298,10989875.0,25.0
43,JmQFZeoQ5DYNWVAUg2dtWXflot63,2022-04-21 23:59:38+00:00,2,1,cn0_dBHz,baseband_cn0_dBHz,snr_dB,3,-817.6020514976699,0.1,0,0.0,0.0,,,0.12493595480918884,,,,,0,1334617195040000000,,-2225,-0.6642817967626797,,-1249.23222718298,10998082.0,25.0
44,JmQFZeoQ5DYNWVAUg2dtWXflot63,2022-04-21 23:59:39+00:00,2,1,cn0_dBHz,baseband_cn0_dBHz,snr_dB,3,-817.8597559919581,0.1,0,0.0,0.0,,,0.2865898609161377,,,,,0,1334617196040000000,,-2225,-0.6642817967626797,,-1249.23222718298,11000799.0,25.0
45,JmQFZeoQ5DYNWVAUg2dtWXflot63,2022-04-22 00:25:41+00:00,26,1,cn0_dBHz,baseband_cn0_dBHz,snr_dB,3,-402.6353086461313,0.1,0,0.0,0.0,,,0.4512324035167694,,,,,0,1334618758000000000,,-2225,-0.6642817967626797,,-1249.23222718298,15080551.0,400.0
46,JmQFZeoQ5DYNWVAUg2dtWXflot63,2022-04-22 00:47:56+00:00,29,1,cn0_dBHz,baseband_cn0_dBHz,snr_dB,3,-690.0131046830211,0.1,0,0.0,0.0,,,0.23028677701950073,,,,,0,1334620094989977856,,-2225,-0.6642817967626797,,-1249.23222718298,15132974.0,25.0
47,JmQFZeoQ5DYNWVAUg2dtWXflot63,2022-04-22 00:47:57+00:00,29,1,cn0_dBHz,baseband_cn0_dBHz,snr_dB,3,-689.5887147285976,0.1,0,0.0,0.0,,,0.9824561551213264,,,,,0,1334620095989977856,,-2225,-0.6642817967626797,,-1249.23222718298,15135271.0,25.0
48,JmQFZeoQ5DYNWVAUg2dtWXflot63,2022-04-22 00:47:58+00:00,29,1,cn0_dBHz,baseband_cn0_dBHz,snr_dB,3,-689.1851604566909,0.1,0,0.0,0.0,,,0.35507024824619293,,,,,0,1334620096989977856,,-2225,-0.6642817967626797,,-1249.23222718298,15137568.0,10.0
49,JmQFZeoQ5DYNWVAUg2dtWXflot63,2022-04-22 00:47:59+00:00,29,1,cn0_dBHz,baseband_cn0_dBHz,snr_dB,3,-689.2937253287528,0.1,0,0.0,0.0,,,0.3846367932856083,,,,,0,1334620097989977856,,-2225,-0.6642817967626797,,-1249.23222718298,15139879.0,25.0
50,JmQFZeoQ5DYNWVAUg2dtWXflot63,2022-04-22 00:48:00+00:00,29,1,cn0_dBHz,baseband_cn0_dBHz,snr_dB,3,-689.9231822637375,0.1,0,0.0,0.0,,,0.8191378265619278,,,,,0,1334620098989977856,,-2225,-0.6642817967626797,,-1249.23222718298,15142132.0,25.0
51,JmQFZeoQ5DYNWVAUg2dtWXflot63,2022-04-22 00:48:01+00:00,29,1,cn0_dBHz,baseband_cn0_dBHz,snr_dB,3,-689.4450581807178,0.1,0,0.0,0.0,,,0.652546364814043,,,,,0,1334620099989977856,,-2225,-0.6642817967626797,,-1249.23222718298,15144426.0,25.0
52,JmQFZeoQ5DYNWVAUg2dtWXflot63,2022-04-22 00:48:02+00:00,29,1,cn0_dBHz,baseband_cn0_dBHz,snr_dB,3,-689.1314263280947,0.1,0,0.0,0.0,,,0.67997095733881,,,,,0,1334620100989977856,,-2225,-0.6642817967626797,,-1249.23222718298,15146710.0,25.0
53,JmQFZeoQ5DYNWVAUg2dtWXflot63,2022-04-22 01:08:00+00:00,3,3,cn0_dBHz,baseband_cn0_dBHz,snr_dB,33,34.58273916798177,0.1,0,0.0,0.0,,,0.9848876474425197,,,,,0,1334621298716777984,,-2225,-0.6642817967626797,,-1249.23222718298,7357588.0,400.0
54,JmQFZeoQ5DYNWVAUg2dtWXflot63,2022-04-22 01:07:00+00:00,20,1,cn0_dBHz,baseband_cn0_dBHz,snr_dB,3,-893.9078039489686,0.1,0,0.0,0.0,,,0.19982203841209412,,,,,0,1334621238716777984,,-2225,-0.6642817967626797,,-1249.23222718298,1846616.0,400.0
55,JmQFZeoQ5DYNWVAUg2dtWXflot63,2022-04-22 01:22:52+00:00,16,1,cn0_dBHz,baseband_cn0_dBHz,snr_dB,16399,-424.90317018236965,0.1,0,0.0,0.0,,,0.7611465454101562,,,,,0,1334622189961842432,,-2225,-0.6642817967626797,,-1262.5624491193837,433389881231448.0,25.0
56,JmQFZeoQ5DYNWVAUg2dtWXflot63,2022-04-21 23:45:03+00:00,11,3,cn0_dBHz,baseband_cn0_dBHz,snr_dB,33,0.0,0.1,0,0.0,0.0,,,0.5980144515633583,,,,,0,1334616320000000000,,-2225,-0.6642817967626797,,-1249.23222718298,5363411.0,25.0
57,JmQFZeoQ5DYNWVAUg2dtWXflot63,2022-04-21 23:58:37+00:00,2,1,cn0_dBHz,baseband_cn0_dBHz,snr_dB,3,-821.704487723764,0.1,0,0.0,0.0,,,0.5841076448559761,,,,,0,1334617134040000000,,-2225,-0.6642817967626797,,-1249.23222718298,10831280.0,25.0
58,JmQFZeoQ5DYNWVAUg2dtWXflot63,2022-04-21 23:58:41+00:00,2,1,cn0_dBHz,baseband_cn0_dBHz,snr_dB,3,-821.6880385007244,0.1,0,0.0,0.0,,,0.6128302775323391,,,,,0,1334617138040000000,,-2225,-0.6642817967626797,,-1249.23222718298,10842251.0,25.0
59,JmQFZeoQ5DYNWVAUg2dtWXflot63,2022-04-21 23:58:56+00:00,2,1,cn0_dBHz,baseband_cn0_dBHz,snr_dB,3,-821.0552917211317,0.1,0,0.0,0.0,,,0.35871680080890656,,,,,0,1334617153040000000,,-2225,-0.6642817967626797,,-1249.23222718298,10883356.0,25.0
60,OZSnmtNCSiOMmNqepuzYsl3HGn92,2022-04-21 22:42:22+00:00,31,1,cn0_dBHz,baseband_cn0_dBHz,snr_dB,47,-380.23772244582,0.0602980729893803,17,-11325.9094456612,0.00115450704470276,1599750020.0,,,,,,,0,116834000000,0.0,-1189181444165780000,,,,3925772934.0,11.0
61,JmQFZeoQ5DYNWVAUg2dtWXflot63,2022-04-21 23:58:57+00:00,2,1,cn0_dBHz,baseband_cn0_dBHz,snr_dB,3,-820.9160216327291,0.1,0,0.0,0.0,,,0.9894298873841763,,,,,0,1334617154040000000,,-2225,-0.6642817967626797,,-1249.23222718298,10886110.0,25.0
62,JmQFZeoQ5DYNWVAUg2dtWXflot63,2022-04-21 23:59:08+00:00,2,1,cn0_dBHz,baseband_cn0_dBHz,snr_dB,3,-819.7470301820431,0.1,0,0.0,0.0,,,0.3735080882906914,,,,,0,1334617165040000000,,-2225,-0.6642817967626797,,-1249.23222718298,10916162.0,25.0
63,JmQFZeoQ5DYNWVAUg2dtWXflot63,2022-04-21 23:59:18+00:00,2,1,cn0_dBHz,baseband_cn0_dBHz,snr_dB,7,-819.5419632014818,0.1,0,0.0,0.0,,,0.36415794491767883,,,,,0,1334617175040000000,,-2225,-0.6642817967626797,,-1249.23222718298,4970943518.0,25.0
64,OZSnmtNCSiOMmNqepuzYsl3HGn92,2022-04-21 22:42:23+00:00,22,1,cn0_dBHz,baseband_cn0_dBHz,snr_dB,47,245.509362821673,0.148940800975766,17,6620.74237064615,0.00271145859733223,1599750020.0,,,,,,,0,116834000000,0.0,-1189181444165780000,,,,3927349114.0,29.0
65,JmQFZeoQ5DYNWVAUg2dtWXflot63,2022-04-21 23:59:22+00:00,2,1,cn0_dBHz,baseband_cn0_dBHz,snr_dB,3,-818.8181973877363,0.1,0,0.0,0.0,,,0.06994515657424927,,,,,0,1334617179040000000,,-2225,-0.6642817967626797,,-1249.23222718298,10954406.0,25.0
66,JmQFZeoQ5DYNWVAUg2dtWXflot63,2022-04-21 23:59:36+00:00,2,1,cn0_dBHz,baseband_cn0_dBHz,snr_dB,3,-817.9847700870596,0.1,0,0.0,0.0,,,0.42985858023166656,,,,,0,1334617193040000000,,-2225,-0.6642817967626797,,-1249.23222718298,10992599.0,25.0
67,JmQFZeoQ5DYNWVAUg2dtWXflot63,2022-04-21 23:59:40+00:00,2,1,cn0_dBHz,baseband_cn0_dBHz,snr_dB,3,-817.8740119852591,0.1,0,0.0,0.0,,,0.49993523210287094,,,,,0,1334617197040000000,,-2225,-0.6642817967626797,,-1249.23222718298,11003541.0,25.0
68,JmQFZeoQ5DYNWVAUg2dtWXflot63,2022-04-22 00:25:42+00:00,26,1,cn0_dBHz,baseband_cn0_dBHz,snr_dB,3,-402.2021457727533,0.1,0,0.0,0.0,,,0.7126810438930988,,,,,0,1334618759000000000,,-2225,-0.6642817967626797,,-1249.23222718298,15081899.0,400.0
69,JmQFZeoQ5DYNWVAUg2dtWXflot63,2022-04-22 01:06:58+00:00,3,3,cn0_dBHz,baseband_cn0_dBHz,snr_dB,33,41.943089730504,0.1,0,0.0,0.0,,,0.0393292224034667,,,,,0,1334621236716777984,,-2225,-0.6642817967626797,,-1249.23222718298,7363890.0,400.0
70,JmQFZeoQ5DYNWVAUg2dtWXflot63,2022-04-22 01:06:59+00:00,20,1,cn0_dBHz,baseband_cn0_dBHz,snr_dB,3,-893.9439922396559,0.1,0,0.0,0.0,,,0.49490728601813316,,,,,0,1334621237716777984,,-2225,-0.6642817967626797,,-1249.23222718298,1843633.0,400.0
71,JmQFZeoQ5DYNWVAUg2dtWXflot63,2022-04-22 01:07:59+00:00,3,3,cn0_dBHz,baseband_cn0_dBHz,snr_dB,33,33.646906764166545,0.1,0,0.0,0.0,,,0.9135847510769963,,,,,0,1334621297716777984,,-2225,-0.6642817967626797,,-1249.23222718298,7357697.0,400.0
72,JmQFZeoQ5DYNWVAUg2dtWXflot63,2022-04-22 01:07:01+00:00,20,1,cn0_dBHz,baseband_cn0_dBHz,snr_dB,3,-894.4210197078064,0.1,0,0.0,0.0,,,0.35343262553215027,,,,,0,1334621239716777984,,-2225,-0.6642817967626797,,-1249.23222718298,1849594.0,400.0
73,JmQFZeoQ5DYNWVAUg2dtWXflot63,2022-04-22 01:22:47+00:00,16,1,cn0_dBHz,baseband_cn0_dBHz,snr_dB,3,-425.1170100818854,0.1,0,0.0,0.0,,,0.7786087393760681,,,,,0,1334622184961842432,,-2225,-0.6642817967626797,,-1262.5624491193837,1224339.0,25.0
74,JmQFZeoQ5DYNWVAUg2dtWXflot63,2022-04-22 01:22:50+00:00,12,3,cn0_dBHz,baseband_cn0_dBHz,snr_dB,33,171.52619711838219,0.1,0,0.0,0.0,,,0.4975119084119797,,,,,0,1334622187961842432,,-2225,-0.6642817967626797,,-1262.5624491193837,6026392.0,10.0
75,JmQFZeoQ5DYNWVAUg2dtWXflot63,2022-04-22 01:07:03+00:00,20,1,cn0_dBHz,baseband_cn0_dBHz,snr_dB,3,-894.6578885195777,0.1,0,0.0,0.0,,,0.7627670168876648,,,,,0,1334621241716777984,,-2225,-0.6642817967626797,,-1249.23222718298,1855562.0,400.0
76,JmQFZeoQ5DYNWVAUg2dtWXflot63,2022-04-22 01:22:55+00:00,16,1,cn0_dBHz,baseband_cn0_dBHz,snr_dB,16399,-424.7331948776264,0.1,0,0.0,0.0,,,0.060171037912368774,,,,,0,1334622192961842432,,-2225,-0.6642817967626797,,-1262.5624491193837,433392881235712.0,25.0
77,JmQFZeoQ5DYNWVAUg2dtWXflot63,2022-04-22 01:22:57+00:00,16,1,cn0_dBHz,baseband_cn0_dBHz,snr_dB,16399,-424.20462651061825,0.1,0,0.0,0.0,,,0.04040131717920303,,,,,0,1334622194961842432,,-2225,-0.6642817967626797,,-1262.5624491193837,433394881238557.0,25.0
78,JmQFZeoQ5DYNWVAUg2dtWXflot63,2022-04-22 01:07:04+00:00,20,1,cn0_dBHz,baseband_cn0_dBHz,snr_dB,3,-894.8837911826558,0.1,0,0.0,0.0,,,0.5042686313390732,,,,,0,1334621242716777984,,-2225,-0.6642817967626797,,-1249.23222718298,1858548.0,400.0
79,JmQFZeoQ5DYNWVAUg2dtWXflot63,2022-04-22 01:07:06+00:00,29,1,cn0_dBHz,baseband_cn0_dBHz,snr_dB,7,-538.6111659812741,0.1,0,0.0,0.0,,,0.8531522154808044,,,,,0,1334621244716777984,,-2225,-0.6642817967626797,,-1249.23222718298,632489743.0,25.0
80,JmQFZeoQ5DYNWVAUg2dtWXflot63,2022-04-22 01:07:07+00:00,5,1,cn0_dBHz,baseband_cn0_dBHz,snr_dB,3,-1030.5361471313518,0.1,0,0.0,0.0,,,0.018393192440271378,,,,,0,1334621245716777984,,-2225,-0.6642817967626797,,-1249.23222718298,13826859.0,400.0
81,JmQFZeoQ5DYNWVAUg2dtWXflot63,2022-04-21 23:45:24+00:00,11,3,cn0_dBHz,baseband_cn0_dBHz,snr_dB,33,0.0,0.1,0,0.0,0.0,,,0.15453090518712997,,,,,0,1334616341000000000,,-2225,-0.6642817967626797,,-1249.23222718298,5363411.0,25.0
82,JmQFZeoQ5DYNWVAUg2dtWXflot63,2022-04-21 23:58:38+00:00,2,1,cn0_dBHz,baseband_cn0_dBHz,snr_dB,3,-821.640884061344,0.1,0,0.0,0.0,,,0.2663668394088745,,,,,0,1334617135040000000,,-2225,-0.6642817967626797,,-1249.23222718298,10834027.0,25.0
83,JmQFZeoQ5DYNWVAUg2dtWXflot63,2022-04-21 23:58:54+00:00,2,1,cn0_dBHz,baseband_cn0_dBHz,snr_dB,3,-820.9182148624677,0.1,0,0.0,0.0,,,0.04558195173740387,,,,,0,1334617151040000000,,-2225,-0.6642817967626797,,-1249.23222718298,10877836.0,25.0
84,OZSnmtNCSiOMmNqepuzYsl3HGn92,2022-04-21 22:42:24+00:00,25,1,cn0_dBHz,baseband_cn0_dBHz,snr_dB,47,-329.789995021822,0.277918601850871,17,-15511.1976492851,0.00509250536561012,1599750020.0,,,,,,,0,116834000000,0.0,-1189181444165780000,,,,3923720994.0,56.0
85,JmQFZeoQ5DYNWVAUg2dtWXflot63,2022-04-21 23:58:58+00:00,2,1,cn0_dBHz,baseband_cn0_dBHz,snr_dB,3,-820.4740858403966,0.1,0,0.0,0.0,,,0.47654151916503906,,,,,0,1334617155040000000,,-2225,-0.6642817967626797,,-1249.23222718298,10888855.0,25.0
86,JmQFZeoQ5DYNWVAUg2dtWXflot63,2022-04-21 23:59:05+00:00,2,1,cn0_dBHz,baseband_cn0_dBHz,snr_dB,3,-819.6318856207654,0.1,0,0.0,0.0,,,0.1728265881538391,,,,,0,1334617162040000000,,-2225,-0.6642817967626797,,-1249.23222718298,10907948.0,25.0
87,JmQFZeoQ5DYNWVAUg2dtWXflot63,2022-04-21 23:59:23+00:00,2,1,cn0_dBHz,baseband_cn0_dBHz,snr_dB,3,-818.8423229148611,0.1,0,0.0,0.0,,,0.8330667018890381,,,,,0,1334617180040000000,,-2225,-0.6642817967626797,,-1249.23222718298,10957141.0,25.0
88,JmQFZeoQ5DYNWVAUg2dtWXflot63,2022-04-21 23:59:25+00:00,2,1,cn0_dBHz,baseband_cn0_dBHz,snr_dB,3,-818.1613250810187,0.1,0,0.0,0.0,,,0.31827161833643913,,,,,0,1334617182040000000,,-2225,-0.6642817967626797,,-1249.23222718298,10962593.0,25.0
89,OZSnmtNCSiOMmNqepuzYsl3HGn92,2022-04-21 22:42:25+00:00,22,1,cn0_dBHz,baseband_cn0_dBHz,snr_dB,47,245.509362821673,0.148940800975766,17,6620.74237064615,0.00271145859733223,1599750020.0,,,,,,,0,116834000000,0.0,-1189181444165780000,,,,3927349114.0,29.0
90,JmQFZeoQ5DYNWVAUg2dtWXflot63,2022-04-21 23:59:26+00:00,2,1,cn0_dBHz,baseband_cn0_dBHz,snr_dB,3,-818.1393927836325,0.1,0,0.0,0.0,,,0.41428498923778534,,,,,0,1334617183040000000,,-2225,-0.6642817967626797,,-1249.23222718298,10965334.0,25.0
91,JmQFZeoQ5DYNWVAUg2dtWXflot63,2022-04-21 23:59:27+00:00,2,1,cn0_dBHz,baseband_cn0_dBHz,snr_dB,3,-818.0922383442521,0.1,0,0.0,0.0,,,0.8707477301359177,,,,,0,1334617184040000000,,-2225,-0.6642817967626797,,-1249.23222718298,10968076.0,400.0
92,JmQFZeoQ5DYNWVAUg2dtWXflot63,2022-04-21 23:59:37+00:00,2,1,cn0_dBHz,baseband_cn0_dBHz,snr_dB,3,-817.630563484272,0.1,0,0.0,0.0,,,0.8321496956050396,,,,,0,1334617194040000000,,-2225,-0.6642817967626797,,-1249.23222718298,10995335.0,25.0
93,JmQFZeoQ5DYNWVAUg2dtWXflot63,2022-04-22 00:46:35+00:00,29,1,cn0_dBHz,baseband_cn0_dBHz,snr_dB,1,-698.839757766109,0.1,0,0.0,0.0,,,0.9570259526371956,,,,,0,1334620012040000000,,-2225,-0.6642817967626797,,-1249.23222718298,945259.0,25.0
94,JmQFZeoQ5DYNWVAUg2dtWXflot63,2022-04-22 00:46:36+00:00,29,1,cn0_dBHz,baseband_cn0_dBHz,snr_dB,3,-699.3770990520716,0.1,0,0.0,0.0,,,0.032990455627441406,,,,,0,1334620013040000000,,-2225,-0.6642817967626797,,-1249.23222718298,14947610.0,25.0
95,JmQFZeoQ5DYNWVAUg2dtWXflot63,2022-04-22 00:46:37+00:00,29,1,cn0_dBHz,baseband_cn0_dBHz,snr_dB,3,-699.2773070989642,0.1,0,0.0,0.0,,,0.05920029804110527,,,,,0,1334620014040000000,,-2225,-0.6642817967626797,,-1249.23222718298,14949936.0,25.0
96,JmQFZeoQ5DYNWVAUg2dtWXflot63,2022-04-22 00:46:38+00:00,29,1,cn0_dBHz,baseband_cn0_dBHz,snr_dB,3,-699.3935482751112,0.1,0,0.0,0.0,,,0.8147965744137764,,,,,0,1334620015040000000,,-2225,-0.6642817967626797,,-1249.23222718298,14952270.0,25.0
97,OZSnmtNCSiOMmNqepuzYsl3HGn92,2022-04-21 22:42:26+00:00,22,1,cn0_dBHz,baseband_cn0_dBHz,snr_dB,47,245.509362821673,0.148940800975766,17,6620.74237064615,0.00271145859733223,1599750020.0,,,,,,,0,116834000000,0.0,-1189181444165780000,,,,3927349114.0,29.0
98,JmQFZeoQ5DYNWVAUg2dtWXflot63,2022-04-22 01:22:39+00:00,29,1,cn0_dBHz,baseband_cn0_dBHz,snr_dB,1,-433.5170799808111,0.1,0,0.0,0.0,,,0.37945060431957245,,,,,0,1334622177761842432,,-2225,-0.6642817967626797,,-1262.5624491193837,974095.0,25.0
99,JmQFZeoQ5DYNWVAUg2dtWXflot63,2022-04-22 00:46:40+00:00,29,1,cn0_dBHz,baseband_cn0_dBHz,snr_dB,3,-699.4714079308324,0.1,0,0.0,0.0,,,0.1984231173992157,,,,,0,1334620017040000000,,-2225,-0.6642817967626797,,-1249.23222718298,14956927.0,25.0
100,JmQFZeoQ5DYNWVAUg2dtWXflot63,2022-04-22 00:46:41+00:00,29,1,cn0_dBHz,baseband_cn0_dBHz,snr_dB,3,-699.3474904506002,0.1,0,0.0,0.0,,,0.3997657857835293,,,,,0,1334620018040000000,,-2225,-0.6642817967626797,,-1249.23222718298,14959253.0,10.0
101,JmQFZeoQ5DYNWVAUg2dtWXflot63,2022-04-22 00:46:42+00:00,29,1,cn0_dBHz,baseband_cn0_dBHz,snr_dB,3,-699.0996554901358,0.1,0,0.0,0.0,,,0.4297822043299675,,,,,0,1334620019040000000,,-2225,-0.6642817967626797,,-1249.23222718298,14961575.0,10.0
102,JmQFZeoQ5DYNWVAUg2dtWXflot63,2022-04-22 00:46:43+00:00,29,1,cn0_dBHz,baseband_cn0_dBHz,snr_dB,3,-699.1380370105617,0.1,0,0.0,0.0,,,0.8786274865269661,,,,,0,1334620020040000000,,-2225,-0.6642817967626797,,-1249.23222718298,14963910.0,10.0
103,JmQFZeoQ5DYNWVAUg2dtWXflot63,2022-04-22 00:46:44+00:00,29,1,cn0_dBHz,baseband_cn0_dBHz,snr_dB,3,-698.8627866783645,0.1,0,0.0,0.0,,,0.5355614721775055,,,,,0,1334620021040000000,,-2225,-0.6642817967626797,,-1249.23222718298,14966252.0,10.0
104,OZSnmtNCSiOMmNqepuzYsl3HGn92,2022-04-21 22:42:27+00:00,22,1,cn0_dBHz,baseband_cn0_dBHz,snr_dB,47,245.509362821673,0.148940800975766,17,6620.74237064615,0.00271145859733223,1599750020.0,,,,,,,0,116834000000,0.0,-1189181444165780000,,,,3927349114.0,29.0
105,JmQFZeoQ5DYNWVAUg2dtWXflot63,2022-04-22 00:46:45+00:00,29,1,cn0_dBHz,baseband_cn0_dBHz,snr_dB,3,-698.7147436710075,0.1,0,0.0,0.0,,,0.699983149766922,,,,,0,1334620022040000000,,-2225,-0.6642817967626797,,-1249.23222718298,14968588.0,25.0
106,JmQFZeoQ5DYNWVAUg2dtWXflot63,2022-04-22 00:46:46+00:00,29,1,cn0_dBHz,baseband_cn0_dBHz,snr_dB,3,-698.4965173120145,0.1,0,0.0,0.0,,,0.5177239701151848,,,,,0,1334620023040000000,,-2225,-0.6642817967626797,,-1249.23222718298,14970921.0,25.0
107,JmQFZeoQ5DYNWVAUg2dtWXflot63,2022-04-22 00:46:47+00:00,29,1,cn0_dBHz,baseband_cn0_dBHz,snr_dB,3,-698.5469615960028,0.1,0,0.0,0.0,,,0.5795948170125484,,,,,0,1334620024040000000,,-2225,-0.6642817967626797,,-1249.23222718298,14973253.0,10.0
108,JmQFZeoQ5DYNWVAUg2dtWXflot63,2022-04-22 00:46:48+00:00,29,1,cn0_dBHz,baseband_cn0_dBHz,snr_dB,7,-698.502000386361,0.1,0,0.0,0.0,,,0.3047259747982025,,,,,0,1334620025040000000,,-2225,-0.6642817967626797,,-1249.23222718298,4954975579.0,25.0
109,JmQFZeoQ5DYNWVAUg2dtWXflot63,2022-04-22 00:46:49+00:00,29,1,cn0_dBHz,baseband_cn0_dBHz,snr_dB,16399,-698.621531407116,0.1,0,0.0,0.0,,,0.8054890520870686,,,,,0,1334620027989977856,,-2225,-0.6642817967626797,,-1249.23222718298,431227914977907.0,25.0
110,JmQFZeoQ5DYNWVAUg2dtWXflot63,2022-04-22 00:46:50+00:00,29,1,cn0_dBHz,baseband_cn0_dBHz,snr_dB,16399,-698.5809566569515,0.1,0,0.0,0.0,,,0.475605770945549,,,,,0,1334620028989977856,,-2225,-0.6642817967626797,,-1249.23222718298,431228914980233.0,10.0
111,OZSnmtNCSiOMmNqepuzYsl3HGn92,2022-04-21 22:42:28+00:00,22,1,cn0_dBHz,baseband_cn0_dBHz,snr_dB,47,245.509362821673,0.148940800975766,17,6620.74237064615,0.00271145859733223,1599750020.0,,,,,,,0,116834000000,0.0,-1189181444165780000,,,,3927349114.0,29.0
112,JmQFZeoQ5DYNWVAUg2dtWXflot63,2022-04-22 00:46:51+00:00,29,1,cn0_dBHz,baseband_cn0_dBHz,snr_dB,16399,-698.4285271901172,0.1,0,0.0,0.0,,,0.8708600364625454,,,,,0,1334620029989977856,,-2225,-0.6642817967626797,,-1249.23222718298,431229914982554.0,10.0
113,JmQFZeoQ5DYNWVAUg2dtWXflot63,2022-04-22 00:46:52+00:00,29,1,cn0_dBHz,baseband_cn0_dBHz,snr_dB,16399,-698.2969334057998,0.1,0,0.0,0.0,,,0.2872946858406067,,,,,0,1334620030989977856,,-2225,-0.6642817967626797,,-1249.23222718298,431230914984878.0,25.0
114,JmQFZeoQ5DYNWVAUg2dtWXflot63,2022-04-22 00:46:53+00:00,29,1,cn0_dBHz,baseband_cn0_dBHz,snr_dB,3,-697.8648671472911,0.1,0,0.0,0.0,,,0.42097459360957146,,,,,0,1334620031989977856,,-2225,-0.6642817967626797,,-1249.23222718298,14987209.0,25.0
115,JmQFZeoQ5DYNWVAUg2dtWXflot63,2022-04-21 23:58:31+00:00,2,1,cn0_dBHz,baseband_cn0_dBHz,snr_dB,1,-822.024699265603,0.1,0,0.0,0.0,,,0.0687156692147255,,,,,0,1334617128040000000,,-2225,-0.6642817967626797,,-1249.23222718298,814923.0,25.0
116,JmQFZeoQ5DYNWVAUg2dtWXflot63,2022-04-21 23:58:32+00:00,2,1,cn0_dBHz,baseband_cn0_dBHz,snr_dB,1,-822.024699265603,0.1,0,0.0,0.0,,,0.41206710040569305,,,,,0,1334617129040000000,,-2225,-0.6642817967626797,,-1249.23222718298,817693.0,25.0
117,JmQFZeoQ5DYNWVAUg2dtWXflot63,2022-04-21 23:58:39+00:00,2,1,cn0_dBHz,baseband_cn0_dBHz,snr_dB,3,-821.7088741832413,0.1,0,0.0,0.0,,,0.932084359228611,,,,,0,1334617136040000000,,-2225,-0.6642817967626797,,-1249.23222718298,10836768.0,25.0
118,OZSnmtNCSiOMmNqepuzYsl3HGn92,2022-04-21 22:42:29+00:00,23,1,cn0_dBHz,baseband_cn0_dBHz,snr_dB,47,-731.947951627658,0.0769754027959242,17,-23229.096048105,0.00142954161856323,1599750020.0,,,,,,,0,116834000000,0.0,-1189181444165780000,,,,3920005435.0,14.0
119,JmQFZeoQ5DYNWVAUg2dtWXflot63,2022-04-21 23:58:55+00:00,2,1,cn0_dBHz,baseband_cn0_dBHz,snr_dB,3,-821.0783206333872,0.1,0,0.0,0.0,,,0.0006956793367862701,,,,,0,1334617152040000000,,-2225,-0.6642817967626797,,-1249.23222718298,10880579.0,25.0
120,JmQFZeoQ5DYNWVAUg2dtWXflot63,2022-04-21 23:58:59+00:00,2,1,cn0_dBHz,baseband_cn0_dBHz,snr_dB,3,-820.1933524338529,0.1,0,0.0,0.0,,,0.221629798412323,,,,,0,1334617156040000000,,-2225,-0.6642817967626797,,-1249.23222718298,10891578.0,25.0
121,JmQFZeoQ5DYNWVAUg2dtWXflot63,2022-04-21 23:59:04+00:00,2,1,cn0_dBHz,baseband_cn0_dBHz,snr_dB,3,-819.8742375068832,0.1,0,0.0,0.0,,,0.10737083107233047,,,,,0,1334617161040000000,,-2225,-0.6642817967626797,,-1249.23222718298,10905217.0,25.0
122,JmQFZeoQ5DYNWVAUg2dtWXflot63,2022-04-21 23:59:24+00:00,2,1,cn0_dBHz,baseband_cn0_dBHz,snr_dB,3,-818.750207265839,0.1,0,0.0,0.0,,,0.9566604197025299,,,,,0,1334617181040000000,,-2225,-0.6642817967626797,,-1249.23222718298,10959843.0,25.0
123,JmQFZeoQ5DYNWVAUg2dtWXflot63,2022-04-21 23:59:28+00:00,2,1,cn0_dBHz,baseband_cn0_dBHz,snr_dB,3,-818.1854506081436,0.1,0,0.0,0.0,,,0.25513146072626114,,,,,0,1334617185040000000,,-2225,-0.6642817967626797,,-1249.23222718298,10970828.0,400.0
124,JmQFZeoQ5DYNWVAUg2dtWXflot63,2022-04-22 00:25:34+00:00,26,1,cn0_dBHz,baseband_cn0_dBHz,snr_dB,1,-403.40403566951863,0.1,0,0.0,0.0,,,0.8744618184864521,,,,,0,1334618751000000000,,-2225,-0.6642817967626797,,-1249.23222718298,71358.0,25.0
125,JmQFZeoQ5DYNWVAUg2dtWXflot63,2022-04-22 00:25:36+00:00,26,1,cn0_dBHz,baseband_cn0_dBHz,snr_dB,1,-403.40403566951863,0.1,0,0.0,0.0,,,0.9745793305337429,,,,,0,1334618753000000000,,-2225,-0.6642817967626797,,-1249.23222718298,74128.0,25.0
126,JmQFZeoQ5DYNWVAUg2dtWXflot63,2022-04-22 00:46:54+00:00,29,1,cn0_dBHz,baseband_cn0_dBHz,snr_dB,3,-697.6828290789854,0.1,0,0.0,0.0,,,0.5826946571469307,,,,,0,1334620032989977856,,-2225,-0.6642817967626797,,-1249.23222718298,14989535.0,25.0
127,OZSnmtNCSiOMmNqepuzYsl3HGn92,2022-04-21 22:42:31+00:00,22,1,cn0_dBHz,baseband_cn0_dBHz,snr_dB,47,245.509362821673,0.148940800975766,17,6620.74237064615,0.00271145859733223,1599750020.0,,,,,,,0,116834000000,0.0,-1189181444165780000,,,,3927349114.0,29.0
128,JmQFZeoQ5DYNWVAUg2dtWXflot63,2022-04-22 00:46:55+00:00,29,1,cn0_dBHz,baseband_cn0_dBHz,snr_dB,16399,-697.5051774701569,0.1,0,0.0,0.0,,,0.017243776470422745,,,,,0,1334620033989977856,,-2225,-0.6642817967626797,,-1249.23222718298,431233914991863.0,10.0
129,JmQFZeoQ5DYNWVAUg2dtWXflot63,2022-04-22 00:46:56+00:00,29,1,cn0_dBHz,baseband_cn0_dBHz,snr_dB,16399,-697.3428784694988,0.1,0,0.0,0.0,,,0.6577163189649582,,,,,0,1334620034989977856,,-2225,-0.6642817967626797,,-1249.23222718298,431234914994191.0,10.0
130,JmQFZeoQ5DYNWVAUg2dtWXflot63,2022-04-22 00:46:57+00:00,29,1,cn0_dBHz,baseband_cn0_dBHz,snr_dB,16399,-697.1608404011931,0.1,0,0.0,0.0,,,0.41944441571831703,,,,,0,1334620035989977856,,-2225,-0.6642817967626797,,-1249.23222718298,431235914996515.0,10.0
131,JmQFZeoQ5DYNWVAUg2dtWXflot63,2022-04-22 00:46:58+00:00,29,1,cn0_dBHz,baseband_cn0_dBHz,snr_dB,16399,-697.3099800234195,0.1,0,0.0,0.0,,,0.37822090834379196,,,,,0,1334620036989977856,,-2225,-0.6642817967626797,,-1249.23222718298,431236914998836.0,10.0
132,JmQFZeoQ5DYNWVAUg2dtWXflot63,2022-04-22 00:46:59+00:00,29,1,cn0_dBHz,baseband_cn0_dBHz,snr_dB,16399,-697.3373953951523,0.1,0,0.0,0.0,,,0.813701331615448,,,,,0,1334620037989977856,,-2225,-0.6642817967626797,,-1249.23222718298,431237915001162.0,25.0
133,JmQFZeoQ5DYNWVAUg2dtWXflot63,2022-04-22 00:47:00+00:00,29,1,cn0_dBHz,baseband_cn0_dBHz,snr_dB,3,-697.2595357394312,0.1,0,0.0,0.0,,,0.921242743730545,,,,,0,1334620038989977856,,-2225,-0.6642817967626797,,-1249.23222718298,15003498.0,25.0
134,JmQFZeoQ5DYNWVAUg2dtWXflot63,2022-04-22 00:47:01+00:00,29,1,cn0_dBHz,baseband_cn0_dBHz,snr_dB,3,-697.132328414591,0.1,0,0.0,0.0,,,0.39587246999144554,,,,,0,1334620039989977856,,-2225,-0.6642817967626797,,-1249.23222718298,15005798.0,25.0
135,JmQFZeoQ5DYNWVAUg2dtWXflot63,2022-04-22 00:47:02+00:00,29,1,cn0_dBHz,baseband_cn0_dBHz,snr_dB,3,-696.9294546637684,0.1,0,0.0,0.0,,,0.03523162007331848,,,,,0,1334620040989977856,,-2225,-0.6642817967626797,,-1249.23222718298,15008125.0,25.0
136,OZSnmtNCSiOMmNqepuzYsl3HGn92,2022-04-21 22:42:33+00:00,10,3,cn0_dBHz,baseband_cn0_dBHz,snr_dB,227,259.17838762857,0.31591691295607,20,8152.78081298147,3.40282346638528e+38,1599750020.0,,,,,,,0,116834000000,0.0,-1189181444165780000,,,,69142929947304.0,127.0
137,JmQFZeoQ5DYNWVAUg2dtWXflot63,2022-04-22 00:47:03+00:00,29,1,cn0_dBHz,baseband_cn0_dBHz,snr_dB,3,-696.551122533856,0.1,0,0.0,0.0,,,0.4965575151145458,,,,,0,1334620041989977856,,-2225,-0.6642817967626797,,-1249.23222718298,15010442.0,25.0
138,JmQFZeoQ5DYNWVAUg2dtWXflot63,2022-04-22 00:47:04+00:00,29,1,cn0_dBHz,baseband_cn0_dBHz,snr_dB,3,-696.533576695947,0.1,0,0.0,0.0,,,0.4573863595724106,,,,,0,1334620042989977856,,-2225,-0.6642817967626797,,-1249.23222718298,15012742.0,25.0
139,OZSnmtNCSiOMmNqepuzYsl3HGn92,2022-04-21 22:42:34+00:00,22,1,cn0_dBHz,baseband_cn0_dBHz,snr_dB,47,245.509362821673,0.148940800975766,17,6620.74237064615,0.00271145859733223,1599750020.0,,,,,,,0,116834000000,0.0,-1189181444165780000,,,,3927349114.0,29.0
140,JmQFZeoQ5DYNWVAUg2dtWXflot63,2022-04-22 00:47:05+00:00,29,1,cn0_dBHz,baseband_cn0_dBHz,snr_dB,3,-695.896443456877,0.1,0,0.0,0.0,,,0.27666599303483963,,,,,0,1334620043989977856,,-2225,-0.6642817967626797,,-1249.23222718298,15015087.0,25.0
141,JmQFZeoQ5DYNWVAUg2dtWXflot63,2022-04-22 00:47:06+00:00,29,1,cn0_dBHz,baseband_cn0_dBHz,snr_dB,3,-696.2199448433239,0.1,0,0.0,0.0,,,0.686530776321888,,,,,0,1334620044989977856,,-2225,-0.6642817967626797,,-1249.23222718298,15017405.0,25.0
142,JmQFZeoQ5DYNWVAUg2dtWXflot63,2022-04-22 00:47:07+00:00,29,1,cn0_dBHz,baseband_cn0_dBHz,snr_dB,3,-696.3833404588513,0.1,0,0.0,0.0,,,0.4846310093998909,,,,,0,1334620045989977856,,-2225,-0.6642817967626797,,-1249.23222718298,15019752.0,400.0
143,OZSnmtNCSiOMmNqepuzYsl3HGn92,2022-04-21 22:42:35+00:00,22,1,cn0_dBHz,baseband_cn0_dBHz,snr_dB,47,245.509362821673,0.148940800975766,17,6620.74237064615,0.00271145859733223,1599750020.0,,,,,,,0,116834000000,0.0,-1189181444165780000,,,,3927349114.0,29.0
144,JmQFZeoQ5DYNWVAUg2dtWXflot63,2022-04-22 00:47:08+00:00,29,1,cn0_dBHz,baseband_cn0_dBHz,snr_dB,3,-696.4096592157148,0.1,0,0.0,0.0,,,0.17505764961242676,,,,,0,1334620046989977856,,-2225,-0.6642817967626797,,-1249.23222718298,15022088.0,400.0
145,JmQFZeoQ5DYNWVAUg2dtWXflot63,2022-04-22 00:47:09+00:00,29,1,cn0_dBHz,baseband_cn0_dBHz,snr_dB,3,-695.9962354099844,0.1,0,0.0,0.0,,,0.33627016469836235,,,,,0,1334620047989977856,,-2225,-0.6642817967626797,,-1249.23222718298,15024384.0,400.0
146,JmQFZeoQ5DYNWVAUg2dtWXflot63,2022-04-22 00:47:10+00:00,29,1,cn0_dBHz,baseband_cn0_dBHz,snr_dB,3,-695.8558687067125,0.1,0,0.0,0.0,,,0.8724785074591637,,,,,0,1334620048989977856,,-2225,-0.6642817967626797,,-1249.23222718298,15026713.0,25.0
147,JmQFZeoQ5DYNWVAUg2dtWXflot63,2022-04-22 00:47:11+00:00,29,1,cn0_dBHz,baseband_cn0_dBHz,snr_dB,3,-695.611323590856,0.1,0,0.0,0.0,,,0.6066521778702736,,,,,0,1334620049989977856,,-2225,-0.6642817967626797,,-1249.23222718298,15029037.0,25.0
148,JmQFZeoQ5DYNWVAUg2dtWXflot63,2022-04-22 00:47:12+00:00,29,1,cn0_dBHz,baseband_cn0_dBHz,snr_dB,7,-695.396387076471,0.1,0,0.0,0.0,,,0.9428227245807648,,,,,0,1334620050989977856,,-2225,-0.6642817967626797,,-1249.23222718298,915031356.0,25.0
149,OZSnmtNCSiOMmNqepuzYsl3HGn92,2022-04-21 22:42:37+00:00,23,1,cn0_dBHz,baseband_cn0_dBHz,snr_dB,47,-731.947951627658,0.0769754027959242,17,-23229.096048105,0.00142954161856323,1599750020.0,,,,,,,0,116834000000,0.0,-1189181444165780000,,,,3920005435.0,14.0
150,OZSnmtNCSiOMmNqepuzYsl3HGn92,2022-04-21 22:42:38+00:00,25,1,cn0_dBHz,baseband_cn0_dBHz,snr_dB,47,-329.789995021822,0.277918601850871,17,-15511.1976492851,0.00509250536561012,1599750020.0,,,,,,,0,116834000000,0.0,-1189181444165780000,,,,3923720994.0,56.0
151,JmQFZeoQ5DYNWVAUg2dtWXflot63,2022-04-21 23:58:29+00:00,2,1,cn0_dBHz,baseband_cn0_dBHz,snr_dB,1,-822.024699265603,0.1,0,0.0,0.0,,,0.3820128068327904,,,,,0,1334617126040000000,,-2225,-0.6642817967626797,,-1249.23222718298,809547.0,25.0
152,JmQFZeoQ5DYNWVAUg2dtWXflot63,2022-04-21 23:58:33+00:00,2,1,cn0_dBHz,baseband_cn0_dBHz,snr_dB,3,-821.7505455482751,0.1,0,0.0,0.0,,,0.48024003207683563,,,,,0,1334617130040000000,,-2225,-0.6642817967626797,,-1249.23222718298,10820275.0,25.0
153,OZSnmtNCSiOMmNqepuzYsl3HGn92,2022-04-21 22:42:39+00:00,10,3,cn0_dBHz,baseband_cn0_dBHz,snr_dB,227,259.17838762857,0.31591691295607,20,8152.78081298147,3.40282346638528e+38,1599750020.0,,,,,,,0,116834000000,0.0,-1189181444165780000,,,,69142929947304.0,127.0
154,JmQFZeoQ5DYNWVAUg2dtWXflot63,2022-04-21 23:58:42+00:00,2,1,cn0_dBHz,baseband_cn0_dBHz,snr_dB,7,-821.6759757371619,0.1,0,0.0,0.0,,,0.8160624504089355,,,,,0,1334617139040000000,,-2225,-0.6642817967626797,,-1249.23222718298,4970845003.0,25.0
155,JmQFZeoQ5DYNWVAUg2dtWXflot63,2022-04-21 23:58:44+00:00,2,1,cn0_dBHz,baseband_cn0_dBHz,snr_dB,3,-821.2965469923802,0.1,0,0.0,0.0,,,0.3130883723497391,,,,,0,1334617141040000000,,-2225,-0.6642817967626797,,-1249.23222718298,10850497.0,25.0
156,JmQFZeoQ5DYNWVAUg2dtWXflot63,2022-04-21 23:58:45+00:00,2,1,cn0_dBHz,baseband_cn0_dBHz,snr_dB,3,-821.4336238510441,0.1,0,0.0,0.0,,,0.025240402668714523,,,,,0,1334617142040000000,,-2225,-0.6642817967626797,,-1249.23222718298,10853238.0,25.0
157,JmQFZeoQ5DYNWVAUg2dtWXflot63,2022-04-21 23:58:46+00:00,2,1,cn0_dBHz,baseband_cn0_dBHz,snr_dB,3,-821.4292373915669,0.1,0,0.0,0.0,,,0.04998554289340973,,,,,0,1334617143040000000,,-2225,-0.6642817967626797,,-1249.23222718298,10855980.0,25.0
158,JmQFZeoQ5DYNWVAUg2dtWXflot63,2022-04-21 23:59:00+00:00,2,1,cn0_dBHz,baseband_cn0_dBHz,snr_dB,3,-820.2448933327105,0.1,0,0.0,0.0,,,0.4098093882203102,,,,,0,1334617157040000000,,-2225,-0.6642817967626797,,-1249.23222718298,10894310.0,25.0
159,JmQFZeoQ5DYNWVAUg2dtWXflot63,2022-04-21 23:59:07+00:00,2,1,cn0_dBHz,baseband_cn0_dBHz,snr_dB,3,-819.5266105933115,0.1,0,0.0,0.0,,,0.7304611802101135,,,,,0,1334617164040000000,,-2225,-0.6642817967626797,,-1249.23222718298,10913423.0,25.0
160,JmQFZeoQ5DYNWVAUg2dtWXflot63,2022-04-21 23:59:10+00:00,2,1,cn0_dBHz,baseband_cn0_dBHz,snr_dB,3,-819.6735569857992,0.1,0,0.0,0.0,,,0.7835567891597748,,,,,0,1334617167040000000,,-2225,-0.6642817967626797,,-1249.23222718298,10921633.0,25.0
161,JmQFZeoQ5DYNWVAUg2dtWXflot63,2022-04-21 23:59:11+00:00,2,1,cn0_dBHz,baseband_cn0_dBHz,snr_dB,3,-819.6483348438051,0.1,0,0.0,0.0,,,0.6194337643682957,,,,,0,1334617168040000000,,-2225,-0.6642817967626797,,-1249.23222718298,10924370.0,25.0
162,JmQFZeoQ5DYNWVAUg2dtWXflot63,2022-04-21 23:59:31+00:00,2,1,cn0_dBHz,baseband_cn0_dBHz,snr_dB,3,-818.2589238043875,0.1,0,0.0,0.0,,,0.12530483305454254,,,,,0,1334617188040000000,,-2225,-0.6642817967626797,,-1249.23222718298,10978987.0,400.0
163,JmQFZeoQ5DYNWVAUg2dtWXflot63,2022-04-21 23:59:32+00:00,2,1,cn0_dBHz,baseband_cn0_dBHz,snr_dB,3,-818.3082714735065,0.1,0,0.0,0.0,,,0.8861409649252892,,,,,0,1334617189040000000,,-2225,-0.6642817967626797,,-1249.23222718298,10981720.0,25.0
164,JmQFZeoQ5DYNWVAUg2dtWXflot63,2022-04-22 00:25:33+00:00,26,1,cn0_dBHz,baseband_cn0_dBHz,snr_dB,1,-403.40403566951863,0.1,0,0.0,0.0,,,0.3244030624628067,,,,,0,1334618750000000000,,-2225,-0.6642817967626797,,-1249.23222718298,70055.0,25.0
165,JmQFZeoQ5DYNWVAUg2dtWXflot63,2022-04-22 00:47:13+00:00,29,1,cn0_dBHz,baseband_cn0_dBHz,snr_dB,16399,-695.1704844133928,0.1,0,0.0,0.0,,,0.13141730427742004,,,,,0,1334620051989977856,,-2225,-0.6642817967626797,,-1249.23222718298,431251915033673.0,25.0
166,JmQFZeoQ5DYNWVAUg2dtWXflot63,2022-04-22 00:47:14+00:00,29,1,cn0_dBHz,baseband_cn0_dBHz,snr_dB,16399,-694.8974273109343,0.1,0,0.0,0.0,,,0.39296817034482956,,,,,0,1334620052989977856,,-2225,-0.6642817967626797,,-1249.23222718298,431252915035988.0,25.0
167,JmQFZeoQ5DYNWVAUg2dtWXflot63,2022-04-22 00:47:15+00:00,29,1,cn0_dBHz,baseband_cn0_dBHz,snr_dB,16399,-694.692360330373,0.1,0,0.0,0.0,,,0.17312903702259064,,,,,0,1334620053989977856,,-2225,-0.6642817967626797,,-1249.23222718298,431253915038299.0,25.0
168,JmQFZeoQ5DYNWVAUg2dtWXflot63,2022-04-22 00:47:16+00:00,29,1,cn0_dBHz,baseband_cn0_dBHz,snr_dB,3,-694.5772157690953,0.1,0,0.0,0.0,,,0.9159637987613678,,,,,0,1334620054989977856,,-2225,-0.6642817967626797,,-1249.23222718298,15040633.0,25.0
169,JmQFZeoQ5DYNWVAUg2dtWXflot63,2022-04-22 00:47:17+00:00,29,1,cn0_dBHz,baseband_cn0_dBHz,snr_dB,3,-694.3238977342844,0.1,0,0.0,0.0,,,0.9851835817098618,,,,,0,1334620055989977856,,-2225,-0.6642817967626797,,-1249.23222718298,15042945.0,25.0
170,JmQFZeoQ5DYNWVAUg2dtWXflot63,2022-04-22 00:47:18+00:00,29,1,cn0_dBHz,baseband_cn0_dBHz,snr_dB,16399,-694.3326706532389,0.1,0,0.0,0.0,,,0.15949133038520813,,,,,0,1334620056989977856,,-2225,-0.6642817967626797,,-1249.23222718298,431256915045256.0,25.0
171,JmQFZeoQ5DYNWVAUg2dtWXflot63,2022-04-22 00:47:19+00:00,29,1,cn0_dBHz,baseband_cn0_dBHz,snr_dB,3,-694.1550190444104,0.1,0,0.0,0.0,,,0.4754397049546242,,,,,0,1334620057989977856,,-2225,-0.6642817967626797,,-1249.23222718298,15047578.0,25.0
172,JmQFZeoQ5DYNWVAUg2dtWXflot63,2022-04-22 00:47:20+00:00,29,1,cn0_dBHz,baseband_cn0_dBHz,snr_dB,3,-694.2241057811771,0.1,0,0.0,0.0,,,0.9953859001398087,,,,,0,1334620058989977856,,-2225,-0.6642817967626797,,-1249.23222718298,15049900.0,25.0
173,JmQFZeoQ5DYNWVAUg2dtWXflot63,2022-04-22 00:47:21+00:00,29,1,cn0_dBHz,baseband_cn0_dBHz,snr_dB,3,-693.942275759764,0.1,0,0.0,0.0,,,0.18738237023353577,,,,,0,1334620059989977856,,-2225,-0.6642817967626797,,-1249.23222718298,15052209.0,25.0
174,JmQFZeoQ5DYNWVAUg2dtWXflot63,2022-04-22 00:47:22+00:00,29,1,cn0_dBHz,baseband_cn0_dBHz,snr_dB,3,-693.8128752051853,0.1,0,0.0,0.0,,,0.09436555206775665,,,,,0,1334620060989977856,,-2225,-0.6642817967626797,,-1249.23222718298,15054532.0,25.0
175,JmQFZeoQ5DYNWVAUg2dtWXflot63,2022-04-22 00:47:23+00:00,29,1,cn0_dBHz,baseband_cn0_dBHz,snr_dB,3,-693.8227447390091,0.1,0,0.0,0.0,,,0.6297612451016903,,,,,0,1334620061989977856,,-2225,-0.6642817967626797,,-1249.23222718298,15056853.0,25.0
176,JmQFZeoQ5DYNWVAUg2dtWXflot63,2022-04-22 00:47:24+00:00,29,1,cn0_dBHz,baseband_cn0_dBHz,snr_dB,3,-693.9444689895026,0.1,0,0.0,0.0,,,0.5190812349319458,,,,,0,1334620062989977856,,-2225,-0.6642817967626797,,-1249.23222718298,15059159.0,25.0
177,JmQFZeoQ5DYNWVAUg2dtWXflot63,2022-04-22 00:47:25+00:00,29,1,cn0_dBHz,baseband_cn0_dBHz,snr_dB,3,-693.6297405220103,0.1,0,0.0,0.0,,,0.8698680736124516,,,,,0,1334620063989977856,,-2225,-0.6642817967626797,,-1249.23222718298,15061460.0,25.0
178,JmQFZeoQ5DYNWVAUg2dtWXflot63,2022-04-22 00:47:26+00:00,29,1,cn0_dBHz,baseband_cn0_dBHz,snr_dB,3,-692.9706749855541,0.1,0,0.0,0.0,,,0.9184339493513107,,,,,0,1334620064989977856,,-2225,-0.6642817967626797,,-1249.23222718298,15063765.0,25.0
179,JmQFZeoQ5DYNWVAUg2dtWXflot63,2022-04-22 00:47:27+00:00,29,1,cn0_dBHz,baseband_cn0_dBHz,snr_dB,3,-692.9114577826113,0.1,0,0.0,0.0,,,0.3853718489408493,,,,,0,1334620065989977856,,-2225,-0.6642817967626797,,-1249.23222718298,15066097.0,25.0
180,JmQFZeoQ5DYNWVAUg2dtWXflot63,2022-04-22 00:47:28+00:00,29,1,cn0_dBHz,baseband_cn0_dBHz,snr_dB,3,-692.773284309078,0.1,0,0.0,0.0,,,0.5271385014057159,,,,,0,1334620066989977856,,-2225,-0.6642817967626797,,-1249.23222718298,15068410.0,25.0
181,JmQFZeoQ5DYNWVAUg2dtWXflot63,2022-04-22 00:47:29+00:00,29,1,cn0_dBHz,baseband_cn0_dBHz,snr_dB,3,-693.0178294249345,0.1,0,0.0,0.0,,,0.27602891251444817,,,,,0,1334620067989977856,,-2225,-0.6642817967626797,,-1249.23222718298,15070700.0,25.0
182,JmQFZeoQ5DYNWVAUg2dtWXflot63,2022-04-22 00:47:30+00:00,29,1,cn0_dBHz,baseband_cn0_dBHz,snr_dB,3,-692.9081679380033,0.1,0,0.0,0.0,,,0.18503094464540482,,,,,0,1334620068989977856,,-2225,-0.6642817967626797,,-1249.23222718298,15072992.0,25.0
183,JmQFZeoQ5DYNWVAUg2dtWXflot63,2022-04-21 23:58:30+00:00,2,1,cn0_dBHz,baseband_cn0_dBHz,snr_dB,1,-822.024699265603,0.1,0,0.0,0.0,,,0.7253642380237579,,,,,0,1334617127040000000,,-2225,-0.6642817967626797,,-1249.23222718298,812153.0,25.0
184,JmQFZeoQ5DYNWVAUg2dtWXflot63,2022-04-21 23:58:34+00:00,2,1,cn0_dBHz,baseband_cn0_dBHz,snr_dB,3,-821.704487723764,0.1,0,0.0,0.0,,,0.3410739302635193,,,,,0,1334617131040000000,,-2225,-0.6642817967626797,,-1249.23222718298,10822987.0,25.0
185,JmQFZeoQ5DYNWVAUg2dtWXflot63,2022-04-21 23:58:43+00:00,2,1,cn0_dBHz,baseband_cn0_dBHz,snr_dB,3,-821.4380103105213,0.1,0,0.0,0.0,,,0.5952744074165821,,,,,0,1334617140040000000,,-2225,-0.6642817967626797,,-1249.23222718298,10847743.0,25.0
186,JmQFZeoQ5DYNWVAUg2dtWXflot63,2022-04-21 23:58:47+00:00,2,1,cn0_dBHz,baseband_cn0_dBHz,snr_dB,3,-821.1803058162332,0.1,0,0.0,0.0,,,0.40246181190013885,,,,,0,1334617144040000000,,-2225,-0.6642817967626797,,-1249.23222718298,10858721.0,25.0
187,JmQFZeoQ5DYNWVAUg2dtWXflot63,2022-04-21 23:59:01+00:00,2,1,cn0_dBHz,baseband_cn0_dBHz,snr_dB,3,-820.369907427812,0.1,0,0.0,0.0,,,0.6212629117071629,,,,,0,1334617158040000000,,-2225,-0.6642817967626797,,-1249.23222718298,10897031.0,25.0
188,JmQFZeoQ5DYNWVAUg2dtWXflot63,2022-04-21 23:59:09+00:00,2,1,cn0_dBHz,baseband_cn0_dBHz,snr_dB,3,-819.5649921137374,0.1,0,0.0,0.0,,,0.5718888454139233,,,,,0,1334617166040000000,,-2225,-0.6642817967626797,,-1249.23222718298,10918909.0,400.0
189,JmQFZeoQ5DYNWVAUg2dtWXflot63,2022-04-21 23:59:13+00:00,2,1,cn0_dBHz,baseband_cn0_dBHz,snr_dB,3,-819.7404504928272,0.1,0,0.0,0.0,,,0.5638385377824306,,,,,0,1334617170040000000,,-2225,-0.6642817967626797,,-1249.23222718298,10929846.0,25.0
190,OZSnmtNCSiOMmNqepuzYsl3HGn92,2022-04-21 22:42:40+00:00,2,3,cn0_dBHz,baseband_cn0_dBHz,snr_dB,227,-53.8773853795901,0.104984458760586,17,-1708.08166640048,0.00196184404194355,1599750020.0,,,,,,,0,116834000000,0.0,-1189181444165780000,,,,69142935176327.0,41.0
191,JmQFZeoQ5DYNWVAUg2dtWXflot63,2022-04-21 23:59:14+00:00,2,1,cn0_dBHz,baseband_cn0_dBHz,snr_dB,3,-819.4301084848121,0.1,0,0.0,0.0,,,0.7409348487854004,,,,,0,1334617171040000000,,-2225,-0.6642817967626797,,-1249.23222718298,10932554.0,25.0
192,OZSnmtNCSiOMmNqepuzYsl3HGn92,2022-04-21 22:42:41+00:00,22,1,cn0_dBHz,baseband_cn0_dBHz,snr_dB,47,245.509362821673,0.148940800975766,17,6620.74237064615,0.00271145859733223,1599750020.0,,,,,,,0,116834000000,0.0,-1189181444165780000,,,,3927349114.0,29.0
193,JmQFZeoQ5DYNWVAUg2dtWXflot63,2022-04-21 23:59:29+00:00,2,1,cn0_dBHz,baseband_cn0_dBHz,snr_dB,3,-818.331300385762,0.1,0,0.0,0.0,,,0.8031243309378624,,,,,0,1334617186040000000,,-2225,-0.6642817967626797,,-1249.23222718298,10973559.0,25.0
194,JmQFZeoQ5DYNWVAUg2dtWXflot63,2022-04-21 23:59:33+00:00,2,1,cn0_dBHz,baseband_cn0_dBHz,snr_dB,3,-818.5890048800502,0.1,0,0.0,0.0,,,0.6490811444818974,,,,,0,1334617190040000000,,-2225,-0.6642817967626797,,-1249.23222718298,10984429.0,25.0
195,JmQFZeoQ5DYNWVAUg2dtWXflot63,2022-04-22 00:25:35+00:00,26,1,cn0_dBHz,baseband_cn0_dBHz,snr_dB,1,-403.40403566951863,0.1,0,0.0,0.0,,,0.4245205745100975,,,,,0,1334618752000000000,,-2225,-0.6642817967626797,,-1249.23222718298,72825.0,25.0
196,OZSnmtNCSiOMmNqepuzYsl3HGn92,2022-04-21 22:42:42+00:00,22,1,cn0_dBHz,baseband_cn0_dBHz,snr_dB,47,245.509362821673,0.148940800975766,17,6620.74237064615,0.00271145859733223,1599750020.0,,,,,,,0,116834000000,0.0,-1189181444165780000,,,,3927349114.0,29.0
197,JmQFZeoQ5DYNWVAUg2dtWXflot63,2022-04-22 00:25:38+00:00,26,1,cn0_dBHz,baseband_cn0_dBHz,snr_dB,3,-403.3831999870017,0.1,0,0.0,0.0,,,0.6052785217761993,,,,,0,1334618755000000000,,-2225,-0.6642817967626797,,-1249.23222718298,15076254.0,400.0
198,JmQFZeoQ5DYNWVAUg2dtWXflot63,2022-04-22 00:25:39+00:00,26,1,cn0_dBHz,baseband_cn0_dBHz,snr_dB,3,-403.25050958781503,0.1,0,0.0,0.0,,,0.07175309211015701,,,,,0,1334618756000000000,,-2225,-0.6642817967626797,,-1249.23222718298,15077831.0,400.0
199,JmQFZeoQ5DYNWVAUg2dtWXflot63,2022-04-22 00:47:31+00:00,29,1,cn0_dBHz,baseband_cn0_dBHz,snr_dB,3,-692.625241301721,0.1,0,0.0,0.0,,,0.37444863840937614,,,,,0,1334620069989977856,,-2225,-0.6642817967626797,,-1249.23222718298,15075298.0,25.0
200,JmQFZeoQ5DYNWVAUg2dtWXflot63,2022-04-22 00:47:32+00:00,29,1,cn0_dBHz,baseband_cn0_dBHz,snr_dB,3,-692.3379282059614,0.1,0,0.0,0.0,,,0.10847869515419006,,,,,0,1334620070989977856,,-2225,-0.6642817967626797,,-1249.23222718298,15077612.0,25.0
201,JmQFZeoQ5DYNWVAUg2dtWXflot63,2022-04-22 00:47:33+00:00,29,1,cn0_dBHz,baseband_cn0_dBHz,snr_dB,3,-691.8521278188564,0.1,0,0.0,0.0,,,0.7911915257573128,,,,,0,1334620071989977856,,-2225,-0.6642817967626797,,-1249.23222718298,15079918.0,25.0
202,JmQFZeoQ5DYNWVAUg2dtWXflot63,2022-04-22 00:47:34+00:00,29,1,cn0_dBHz,baseband_cn0_dBHz,snr_dB,3,-691.7720749333967,0.1,0,0.0,0.0,,,0.707056425511837,,,,,0,1334620072989977856,,-2225,-0.6642817967626797,,-1249.23222718298,15082228.0,25.0
203,JmQFZeoQ5DYNWVAUg2dtWXflot63,2022-04-22 00:47:35+00:00,29,1,cn0_dBHz,baseband_cn0_dBHz,snr_dB,3,-691.8334853660781,0.1,0,0.0,0.0,,,0.0709412582218647,,,,,0,1334620073989977856,,-2225,-0.6642817967626797,,-1249.23222718298,15084547.0,25.0
204,JmQFZeoQ5DYNWVAUg2dtWXflot63,2022-04-22 00:47:36+00:00,29,1,cn0_dBHz,baseband_cn0_dBHz,snr_dB,7,-691.8839296500664,0.1,0,0.0,0.0,,,0.574721559882164,,,,,0,1334620074989977856,,-2225,-0.6642817967626797,,-1249.23222718298,915086864.0,25.0
205,JmQFZeoQ5DYNWVAUg2dtWXflot63,2022-04-22 00:47:37+00:00,29,1,cn0_dBHz,baseband_cn0_dBHz,snr_dB,16399,-691.8795431905892,0.1,0,0.0,0.0,,,0.27532142773270607,,,,,0,1334620075989977856,,-2225,-0.6642817967626797,,-1249.23222718298,431275915089167.0,25.0
206,JmQFZeoQ5DYNWVAUg2dtWXflot63,2022-04-22 00:47:38+00:00,29,1,cn0_dBHz,baseband_cn0_dBHz,snr_dB,16399,-691.7994903051294,0.1,0,0.0,0.0,,,0.8010970205068588,,,,,0,1334620076989977856,,-2225,-0.6642817967626797,,-1249.23222718298,431276915091470.0,25.0
207,JmQFZeoQ5DYNWVAUg2dtWXflot63,2022-04-22 00:47:39+00:00,29,1,cn0_dBHz,baseband_cn0_dBHz,snr_dB,16399,-691.7216306494083,0.1,0,0.0,0.0,,,0.740840595215559,,,,,0,1334620077989977856,,-2225,-0.6642817967626797,,-1249.23222718298,431277915093782.0,25.0
208,JmQFZeoQ5DYNWVAUg2dtWXflot63,2022-04-22 00:47:40+00:00,29,1,cn0_dBHz,baseband_cn0_dBHz,snr_dB,16399,-691.6075827029999,0.1,0,0.0,0.0,,,0.13970279693603516,,,,,0,1334620078989977856,,-2225,-0.6642817967626797,,-1249.23222718298,431278915096093.0,25.0
209,JmQFZeoQ5DYNWVAUg2dtWXflot63,2022-04-22 00:47:41+00:00,29,1,cn0_dBHz,baseband_cn0_dBHz,snr_dB,3,-691.5648147230968,0.1,0,0.0,0.0,,,0.5144544839859009,,,,,0,1334620079989977856,,-2225,-0.6642817967626797,,-1249.23222718298,15098405.0,25.0
210,JmQFZeoQ5DYNWVAUg2dtWXflot63,2022-04-22 00:47:42+00:00,29,1,cn0_dBHz,baseband_cn0_dBHz,snr_dB,16399,-691.3454917492345,0.1,0,0.0,0.0,,,0.224520742893219,,,,,0,1334620080989977856,,-2225,-0.6642817967626797,,-1249.23222718298,431280915100710.0,25.0
211,JmQFZeoQ5DYNWVAUg2dtWXflot63,2022-04-22 00:47:43+00:00,29,1,cn0_dBHz,baseband_cn0_dBHz,snr_dB,16399,-691.3060136139393,0.1,0,0.0,0.0,,,0.7459809333086014,,,,,0,1334620081989977856,,-2225,-0.6642817967626797,,-1249.23222718298,431281915103023.0,25.0
212,JmQFZeoQ5DYNWVAUg2dtWXflot63,2022-04-22 00:47:44+00:00,29,1,cn0_dBHz,baseband_cn0_dBHz,snr_dB,16399,-690.9189085650723,0.1,0,0.0,0.0,,,0.8365454822778702,,,,,0,1334620082989977856,,-2225,-0.6642817967626797,,-1249.23222718298,431282915105327.0,25.0
213,JmQFZeoQ5DYNWVAUg2dtWXflot63,2022-04-22 00:47:45+00:00,29,1,cn0_dBHz,baseband_cn0_dBHz,snr_dB,16399,-691.0000580654014,0.1,0,0.0,0.0,,,0.06440631672739983,,,,,0,1334620083989977856,,-2225,-0.6642817967626797,,-1249.23222718298,431283915107643.0,25.0
214,JmQFZeoQ5DYNWVAUg2dtWXflot63,2022-04-22 00:47:46+00:00,29,1,cn0_dBHz,baseband_cn0_dBHz,snr_dB,16399,-690.5921173340175,0.1,0,0.0,0.0,,,0.9875466302037239,,,,,0,1334620084989977856,,-2225,-0.6642817967626797,,-1249.23222718298,431284915109957.0,25.0
215,JmQFZeoQ5DYNWVAUg2dtWXflot63,2022-04-22 00:47:47+00:00,29,1,cn0_dBHz,baseband_cn0_dBHz,snr_dB,3,-690.4583303199615,0.1,0,0.0,0.0,,,0.44824201986193657,,,,,0,1334620085989977856,,-2225,-0.6642817967626797,,-1249.23222718298,15112263.0,25.0
216,JmQFZeoQ5DYNWVAUg2dtWXflot63,2022-04-22 00:47:48+00:00,29,1,cn0_dBHz,baseband_cn0_dBHz,snr_dB,16399,-690.3607315965928,0.1,0,0.0,0.0,,,0.18311363458633423,,,,,0,1334620086989977856,,-2225,-0.6642817967626797,,-1249.23222718298,431286915114582.0,25.0
217,JmQFZeoQ5DYNWVAUg2dtWXflot63,2022-04-22 01:22:40+00:00,29,1,cn0_dBHz,baseband_cn0_dBHz,snr_dB,3,-434.0434551180806,0.1,0,0.0,0.0,,,0.8414093255996704,,,,,0,1334622178761842432,,-2225,-0.6642817967626797,,-1262.5624491193837,19975511.0,10.0
218,JmQFZeoQ5DYNWVAUg2dtWXflot63,2022-04-22 01:22:41+00:00,16,1,cn0_dBHz,baseband_cn0_dBHz,snr_dB,1,-426.5173872699961,0.1,0,0.0,0.0,,,0.4561934471130371,,,,,0,1334622179761842432,,-2225,-0.6642817967626797,,-1262.5624491193837,216682.0,25.0
219,JmQFZeoQ5DYNWVAUg2dtWXflot63,2022-04-22 01:07:08+00:00,20,1,cn0_dBHz,baseband_cn0_dBHz,snr_dB,3,-896.863181021763,0.1,0,0.0,0.0,,,0.9451688304543495,,,,,0,1334621246716777984,,-2225,-0.6642817967626797,,-1249.23222718298,1870516.0,400.0
220,JmQFZeoQ5DYNWVAUg2dtWXflot63,2022-04-22 01:22:59+00:00,29,1,cn0_dBHz,baseband_cn0_dBHz,snr_dB,16399,-431.85680506867357,0.1,0,0.0,0.0,,,0.949144259095192,,,,,0,1334622196961842432,,-2225,-0.6642817967626797,,-1262.5624491193837,433396880001814.0,10.0
221,JmQFZeoQ5DYNWVAUg2dtWXflot63,2022-04-22 01:23:01+00:00,29,1,cn0_dBHz,baseband_cn0_dBHz,snr_dB,16399,-431.6495448583737,0.1,0,0.0,0.0,,,0.4393847584724426,,,,,0,1334622198961842432,,-2225,-0.6642817967626797,,-1262.5624491193837,433398880004691.0,25.0
222,JmQFZeoQ5DYNWVAUg2dtWXflot63,2022-04-22 01:23:03+00:00,29,1,cn0_dBHz,baseband_cn0_dBHz,snr_dB,16399,-431.56729874317534,0.1,0,0.0,0.0,,,0.7928032875061035,,,,,0,1334622200961842432,,-2225,-0.6642817967626797,,-1262.5624491193837,433400880007580.0,25.0
223,JmQFZeoQ5DYNWVAUg2dtWXflot63,2022-04-22 01:23:11+00:00,12,3,cn0_dBHz,baseband_cn0_dBHz,snr_dB,99,173.70961347387896,0.1,0,0.0,0.0,,,0.9558568811044097,,,,,0,1334622208961842432,,-2225,-0.6642817967626797,,-1262.5624491193837,886014261.0,25.0
224,JmQFZeoQ5DYNWVAUg2dtWXflot63,2022-04-22 01:23:13+00:00,12,3,cn0_dBHz,baseband_cn0_dBHz,snr_dB,99,174.10947496717813,0.1,0,0.0,0.0,,,0.580208258703351,,,,,0,1334622210961842432,,-2225,-0.6642817967626797,,-1262.5624491193837,886013107.0,25.0
225,JmQFZeoQ5DYNWVAUg2dtWXflot63,2022-04-22 01:23:14+00:00,16,1,cn0_dBHz,baseband_cn0_dBHz,snr_dB,3,-421.80084671708755,0.1,0,0.0,0.0,,,0.3769128732383251,,,,,0,1334622211961842432,,-2225,-0.6642817967626797,,-1262.5624491193837,1262516.0,25.0
226,JmQFZeoQ5DYNWVAUg2dtWXflot63,2022-04-22 01:23:16+00:00,29,1,cn0_dBHz,baseband_cn0_dBHz,snr_dB,16399,-429.59339197841473,0.1,0,0.0,0.0,,,0.4421515241265297,,,,,0,1334622213961842432,,-2225,-0.6642817967626797,,-1262.5624491193837,433413880026258.0,10.0
227,JmQFZeoQ5DYNWVAUg2dtWXflot63,2022-04-22 01:23:18+00:00,29,1,cn0_dBHz,baseband_cn0_dBHz,snr_dB,16399,-429.0374082396738,0.1,0,0.0,0.0,,,0.2843623235821724,,,,,0,1334622215961842432,,-2225,-0.6642817967626797,,-1262.5624491193837,433415880029123.0,10.0
228,JmQFZeoQ5DYNWVAUg2dtWXflot63,2022-04-22 01:23:19+00:00,16,1,cn0_dBHz,baseband_cn0_dBHz,snr_dB,7,-420.87311053765006,0.1,0,0.0,0.0,,,0.16862857341766357,,,,,0,1334622216961842432,,-2225,-0.6642817967626797,,-1262.5624491193837,881269536.0,25.0
229,JmQFZeoQ5DYNWVAUg2dtWXflot63,2022-04-22 01:23:21+00:00,29,1,cn0_dBHz,baseband_cn0_dBHz,snr_dB,16399,-428.7643511372153,0.1,0,0.0,0.0,,,0.8369823917746544,,,,,0,1334622218961842432,,-2225,-0.6642817967626797,,-1262.5624491193837,433418880033418.0,10.0
230,JmQFZeoQ5DYNWVAUg2dtWXflot63,2022-04-22 01:23:23+00:00,29,1,cn0_dBHz,baseband_cn0_dBHz,snr_dB,16399,-428.411241149297,0.1,0,0.0,0.0,,,0.058900728821754456,,,,,0,1334622220961842432,,-2225,-0.6642817967626797,,-1262.5624491193837,433420880036262.0,10.0
231,JmQFZeoQ5DYNWVAUg2dtWXflot63,2022-04-22 01:23:29+00:00,16,1,cn0_dBHz,baseband_cn0_dBHz,snr_dB,3,-419.3071445042733,0.1,0,0.0,0.0,,,0.23973166197538376,,,,,0,1334622226961842432,,-2225,-0.6642817967626797,,-1262.5624491193837,1283562.0,25.0
232,JmQFZeoQ5DYNWVAUg2dtWXflot63,2022-04-22 01:23:31+00:00,16,1,cn0_dBHz,baseband_cn0_dBHz,snr_dB,3,-418.6272432853002,0.1,0,0.0,0.0,,,0.21603228151798248,,,,,0,1334622228961842432,,-2225,-0.6642817967626797,,-1262.5624491193837,1286356.0,400.0
233,JmQFZeoQ5DYNWVAUg2dtWXflot63,2022-04-22 01:23:33+00:00,16,1,cn0_dBHz,baseband_cn0_dBHz,snr_dB,3,-419.1119470575359,0.1,0,0.0,0.0,,,0.5268600806593895,,,,,0,1334622230961842432,,-2225,-0.6642817967626797,,-1262.5624491193837,1289154.0,400.0
234,JmQFZeoQ5DYNWVAUg2dtWXflot63,2022-04-22 01:23:35+00:00,16,1,cn0_dBHz,baseband_cn0_dBHz,snr_dB,3,-418.99460926651955,0.1,0,0.0,0.0,,,0.6741176843643188,,,,,0,1334622232961842432,,-2225,-0.6642817967626797,,-1262.5624491193837,1291925.0,400.0
235,JmQFZeoQ5DYNWVAUg2dtWXflot63,2022-04-22 01:23:37+00:00,16,1,cn0_dBHz,baseband_cn0_dBHz,snr_dB,3,-418.52635471732356,0.1,0,0.0,0.0,,,0.6784067377448082,,,,,0,1334622234961842432,,-2225,-0.6642817967626797,,-1262.5624491193837,1294724.0,400.0
236,JmQFZeoQ5DYNWVAUg2dtWXflot63,2022-04-22 01:23:40+00:00,16,1,cn0_dBHz,baseband_cn0_dBHz,snr_dB,3,-420.6658503273502,0.1,0,0.0,0.0,,,0.10932382941246033,,,,,0,1334622237961842432,,-2225,-0.6642817967626797,,-1262.5624491193837,1298924.0,400.0
237,JmQFZeoQ5DYNWVAUg2dtWXflot63,2022-04-22 01:23:42+00:00,16,1,cn0_dBHz,baseband_cn0_dBHz,snr_dB,3,-421.83922823751345,0.1,0,0.0,0.0,,,0.9265978261828423,,,,,0,1334622239961842432,,-2225,-0.6642817967626797,,-1262.5624491193837,1301706.0,400.0
238,JmQFZeoQ5DYNWVAUg2dtWXflot63,2022-04-22 01:23:45+00:00,29,1,cn0_dBHz,baseband_cn0_dBHz,snr_dB,16399,-424.9053634121083,0.1,0,0.0,0.0,,,0.9478410333395004,,,,,0,1334622242961842432,,-2225,-0.6642817967626797,,-1262.5624491193837,433442880067535.0,25.0
239,JmQFZeoQ5DYNWVAUg2dtWXflot63,2022-04-22 01:23:00+00:00,16,1,cn0_dBHz,baseband_cn0_dBHz,snr_dB,16399,-423.1869679118972,0.1,0,0.0,0.0,,,0.9971287734806538,,,,,0,1334622197961842432,,-2225,-0.6642817967626797,,-1262.5624491193837,433397881242801.0,25.0
240,JmQFZeoQ5DYNWVAUg2dtWXflot63,2022-04-22 01:23:02+00:00,16,1,cn0_dBHz,baseband_cn0_dBHz,snr_dB,16399,-423.56310681207106,0.1,0,0.0,0.0,,,0.8949071243405342,,,,,0,1334622199961842432,,-2225,-0.6642817967626797,,-1262.5624491193837,433399881245629.0,25.0
241,JmQFZeoQ5DYNWVAUg2dtWXflot63,2022-04-22 01:23:06+00:00,12,3,cn0_dBHz,baseband_cn0_dBHz,snr_dB,99,173.70673677248834,0.1,0,0.0,0.0,,,0.3833817895501852,,,,,0,1334622203961842432,,-2225,-0.6642817967626797,,-1262.5624491193837,1886017147.0,25.0
242,JmQFZeoQ5DYNWVAUg2dtWXflot63,2022-04-22 01:23:08+00:00,29,1,cn0_dBHz,baseband_cn0_dBHz,snr_dB,16399,-430.5671859823633,0.1,0,0.0,0.0,,,0.3235205374658108,,,,,0,1334622205961842432,,-2225,-0.6642817967626797,,-1262.5624491193837,433405880014760.0,10.0
243,JmQFZeoQ5DYNWVAUg2dtWXflot63,2022-04-22 01:23:10+00:00,16,1,cn0_dBHz,baseband_cn0_dBHz,snr_dB,3,-422.5443515984807,0.1,0,0.0,0.0,,,0.8171273060142994,,,,,0,1334622207961842432,,-2225,-0.6642817967626797,,-1262.5624491193837,1256898.0,25.0
244,JmQFZeoQ5DYNWVAUg2dtWXflot63,2022-04-22 01:23:12+00:00,16,1,cn0_dBHz,baseband_cn0_dBHz,snr_dB,3,-421.96314571774565,0.1,0,0.0,0.0,,,0.3878195472061634,,,,,0,1334622209961842432,,-2225,-0.6642817967626797,,-1262.5624491193837,1259712.0,25.0
245,JmQFZeoQ5DYNWVAUg2dtWXflot63,2022-04-22 01:07:09+00:00,20,1,cn0_dBHz,baseband_cn0_dBHz,snr_dB,3,-897.2305470029823,0.1,0,0.0,0.0,,,0.5942280665040016,,,,,0,1334621247716777984,,-2225,-0.6642817967626797,,-1249.23222718298,1873505.0,400.0
246,JmQFZeoQ5DYNWVAUg2dtWXflot63,2022-04-22 01:23:15+00:00,29,1,cn0_dBHz,baseband_cn0_dBHz,snr_dB,16399,-429.8982509120833,0.1,0,0.0,0.0,,,0.42503349483013153,,,,,0,1334622212961842432,,-2225,-0.6642817967626797,,-1262.5624491193837,433412880024824.0,10.0
247,JmQFZeoQ5DYNWVAUg2dtWXflot63,2022-04-22 01:23:17+00:00,29,1,cn0_dBHz,baseband_cn0_dBHz,snr_dB,16399,-429.33788071386516,0.1,0,0.0,0.0,,,0.33935949206352234,,,,,0,1334622214961842432,,-2225,-0.6642817967626797,,-1262.5624491193837,433414880027693.0,10.0
248,JmQFZeoQ5DYNWVAUg2dtWXflot63,2022-04-22 01:23:20+00:00,29,1,cn0_dBHz,baseband_cn0_dBHz,snr_dB,16399,-428.84659725241363,0.1,0,0.0,0.0,,,0.8432140499353409,,,,,0,1334622217961842432,,-2225,-0.6642817967626797,,-1262.5624491193837,433417880031986.0,10.0
249,JmQFZeoQ5DYNWVAUg2dtWXflot63,2022-04-22 01:07:10+00:00,12,3,cn0_dBHz,baseband_cn0_dBHz,snr_dB,33,59.904429758715835,0.1,0,0.0,0.0,,,0.7778420429676771,,,,,0,1334621248716777984,,-2225,-0.6642817967626797,,-1249.23222718298,424141.0,25.0
250,JmQFZeoQ5DYNWVAUg2dtWXflot63,2022-04-22 01:23:30+00:00,29,1,cn0_dBHz,baseband_cn0_dBHz,snr_dB,16399,-427.07556423847564,0.1,0,0.0,0.0,,,0.2220948524773121,,,,,0,1334622227961842432,,-2225,-0.6642817967626797,,-1262.5624491193837,433427880046239.0,10.0
251,JmQFZeoQ5DYNWVAUg2dtWXflot63,2022-04-22 01:07:11+00:00,20,1,cn0_dBHz,baseband_cn0_dBHz,snr_dB,3,-897.8380716405809,0.1,0,0.0,0.0,,,0.4775117486715317,,,,,0,1334621249716777984,,-2225,-0.6642817967626797,,-1249.23222718298,1879493.0,400.0
252,JmQFZeoQ5DYNWVAUg2dtWXflot63,2022-04-22 01:23:32+00:00,12,3,cn0_dBHz,baseband_cn0_dBHz,snr_dB,33,178.46767757399977,0.1,0,0.0,0.0,,,0.4947635056450963,,,,,0,1334622229961842432,,-2225,-0.6642817967626797,,-1262.5624491193837,6001910.0,25.0
253,JmQFZeoQ5DYNWVAUg2dtWXflot63,2022-04-22 01:23:34+00:00,12,3,cn0_dBHz,baseband_cn0_dBHz,snr_dB,33,178.45041736565594,0.1,0,0.0,0.0,,,0.7194987898692489,,,,,0,1334622231961842432,,-2225,-0.6642817967626797,,-1262.5624491193837,6000710.0,25.0
254,JmQFZeoQ5DYNWVAUg2dtWXflot63,2022-04-22 01:23:36+00:00,16,1,cn0_dBHz,baseband_cn0_dBHz,snr_dB,3,-419.1887100983877,0.1,0,0.0,0.0,,,0.7561718486249447,,,,,0,1334622233961842432,,-2225,-0.6642817967626797,,-1262.5624491193837,1293329.0,400.0
255,JmQFZeoQ5DYNWVAUg2dtWXflot63,2022-04-22 01:07:12+00:00,20,1,cn0_dBHz,baseband_cn0_dBHz,snr_dB,3,-898.215307155624,0.1,0,0.0,0.0,,,0.1296139657497406,,,,,0,1334621250716777984,,-2225,-0.6642817967626797,,-1249.23222718298,1882492.0,400.0
256,JmQFZeoQ5DYNWVAUg2dtWXflot63,2022-04-22 01:23:39+00:00,12,3,cn0_dBHz,baseband_cn0_dBHz,snr_dB,33,178.40151344201502,0.1,0,0.0,0.0,,,0.8254197593778372,,,,,0,1334622236961842432,,-2225,-0.6642817967626797,,-1262.5624491193837,5997750.0,25.0
257,JmQFZeoQ5DYNWVAUg2dtWXflot63,2022-04-22 01:23:41+00:00,12,3,cn0_dBHz,baseband_cn0_dBHz,snr_dB,33,179.7132892761475,0.1,0,0.0,0.0,,,0.6464314889162779,,,,,0,1334622238961842432,,-2225,-0.6642817967626797,,-1262.5624491193837,5996568.0,25.0
258,JmQFZeoQ5DYNWVAUg2dtWXflot63,2022-04-22 01:07:13+00:00,20,1,cn0_dBHz,baseband_cn0_dBHz,snr_dB,3,-897.7766612078995,0.1,0,0.0,0.0,,,0.18124710023403168,,,,,0,1334621251716777984,,-2225,-0.6642817967626797,,-1249.23222718298,1885493.0,400.0
259,JmQFZeoQ5DYNWVAUg2dtWXflot63,2022-04-22 01:23:44+00:00,16,1,cn0_dBHz,baseband_cn0_dBHz,snr_dB,3,-423.6705750692636,0.1,0,0.0,0.0,,,0.49413688480854034,,,,,0,1334622241961842432,,-2225,-0.6642817967626797,,-1262.5624491193837,1304506.0,400.0
260,JmQFZeoQ5DYNWVAUg2dtWXflot63,2022-04-22 01:07:14+00:00,20,1,cn0_dBHz,baseband_cn0_dBHz,snr_dB,3,-897.2491894557606,0.1,0,0.0,0.0,,,0.011500656604766846,,,,,0,1334621252716777984,,-2225,-0.6642817967626797,,-1249.23222718298,1888484.0,400.0
261,JmQFZeoQ5DYNWVAUg2dtWXflot63,2022-04-22 01:23:46+00:00,16,1,cn0_dBHz,baseband_cn0_dBHz,snr_dB,3,-424.19256374705583,0.1,0,0.0,0.0,,,0.10695096850395203,,,,,0,1334622243961842432,,-2225,-0.6642817967626797,,-1262.5624491193837,1307321.0,25.0
262,JmQFZeoQ5DYNWVAUg2dtWXflot63,2022-04-22 01:07:15+00:00,29,1,cn0_dBHz,baseband_cn0_dBHz,snr_dB,3,-536.2984052218962,0.1,0,0.0,0.0,,,0.1558358035981655,,,,,0,1334621253716777984,,-2225,-0.6642817967626797,,-1249.23222718298,12506009.0,25.0
263,JmQFZeoQ5DYNWVAUg2dtWXflot63,2022-04-22 01:07:16+00:00,12,3,cn0_dBHz,baseband_cn0_dBHz,snr_dB,33,59.79799180726211,0.1,0,0.0,0.0,,,0.7557468498125672,,,,,0,1334621254716777984,,-2225,-0.6642817967626797,,-1249.23222718298,422993.0,25.0
264,JmQFZeoQ5DYNWVAUg2dtWXflot63,2022-04-22 01:07:17+00:00,12,3,cn0_dBHz,baseband_cn0_dBHz,snr_dB,33,59.579362501573364,0.1,0,0.0,0.0,,,0.37466820795089006,,,,,0,1334621255716777984,,-2225,-0.6642817967626797,,-1249.23222718298,422793.0,25.0
265,JmQFZeoQ5DYNWVAUg2dtWXflot63,2022-04-22 01:07:20+00:00,20,1,cn0_dBHz,baseband_cn0_dBHz,snr_dB,3,-893.6161043937318,0.1,0,0.0,0.0,,,0.8952925950288773,,,,,0,1334621258716777984,,-2225,-0.6642817967626797,,-1249.23222718298,1906421.0,400.0
266,JmQFZeoQ5DYNWVAUg2dtWXflot63,2022-04-22 01:07:23+00:00,20,1,cn0_dBHz,baseband_cn0_dBHz,snr_dB,3,-892.155413387809,0.1,0,0.0,0.0,,,0.2598368600010872,,,,,0,1334621261716777984,,-2225,-0.6642817967626797,,-1249.23222718298,1915366.0,400.0
267,JmQFZeoQ5DYNWVAUg2dtWXflot63,2022-04-22 01:07:27+00:00,12,3,cn0_dBHz,baseband_cn0_dBHz,snr_dB,33,56.84074277768278,0.1,0,0.0,0.0,,,0.2733754860237241,,,,,0,1334621265716777984,,-2225,-0.6642817967626797,,-1249.23222718298,420839.0,400.0
268,JmQFZeoQ5DYNWVAUg2dtWXflot63,2022-04-22 01:23:07+00:00,16,1,cn0_dBHz,baseband_cn0_dBHz,snr_dB,3,-422.7527084236499,0.1,0,0.0,0.0,,,0.92582006752491,,,,,0,1334622204961842432,,-2225,-0.6642817967626797,,-1262.5624491193837,1252681.0,25.0
269,JmQFZeoQ5DYNWVAUg2dtWXflot63,2022-04-22 01:23:09+00:00,16,1,cn0_dBHz,baseband_cn0_dBHz,snr_dB,16399,-422.5597042066511,0.1,0,0.0,0.0,,,0.6900891587138176,,,,,0,1334622206961842432,,-2225,-0.6642817967626797,,-1262.5624491193837,433406881255499.0,25.0
270,JmQFZeoQ5DYNWVAUg2dtWXflot63,2022-04-22 01:23:22+00:00,16,1,cn0_dBHz,baseband_cn0_dBHz,snr_dB,3,-421.26460204599425,0.1,0,0.0,0.0,,,0.24181298166513443,,,,,0,1334622219961842432,,-2225,-0.6642817967626797,,-1262.5624491193837,1273782.0,25.0
271,JmQFZeoQ5DYNWVAUg2dtWXflot63,2022-04-22 01:23:24+00:00,16,1,cn0_dBHz,baseband_cn0_dBHz,snr_dB,3,-421.059535065433,0.1,0,0.0,0.0,,,0.5130678154528141,,,,,0,1334622221961842432,,-2225,-0.6642817967626797,,-1262.5624491193837,1276560.0,25.0
272,JmQFZeoQ5DYNWVAUg2dtWXflot63,2022-04-22 01:07:18+00:00,29,1,cn0_dBHz,baseband_cn0_dBHz,snr_dB,3,-536.8982535554096,0.1,0,0.0,0.0,,,0.31769776344299316,,,,,0,1334621256716777984,,-2225,-0.6642817967626797,,-1249.23222718298,12511396.0,400.0
273,JmQFZeoQ5DYNWVAUg2dtWXflot63,2022-04-22 01:07:19+00:00,20,1,cn0_dBHz,baseband_cn0_dBHz,snr_dB,3,-893.8134950702079,0.1,0,0.0,0.0,,,0.37777186185121536,,,,,0,1334621257716777984,,-2225,-0.6642817967626797,,-1249.23222718298,1903442.0,400.0
274,JmQFZeoQ5DYNWVAUg2dtWXflot63,2022-04-22 01:22:43+00:00,16,1,cn0_dBHz,baseband_cn0_dBHz,snr_dB,3,-426.0590022546239,0.1,0,0.0,0.0,,,0.7214568853378296,,,,,0,1334622181761842432,,-2225,-0.6642817967626797,,-1262.5624491193837,1219907.0,25.0
275,JmQFZeoQ5DYNWVAUg2dtWXflot63,2022-04-22 01:07:21+00:00,20,1,cn0_dBHz,baseband_cn0_dBHz,snr_dB,3,-893.321114993887,0.1,0,0.0,0.0,,,0.5397390462458134,,,,,0,1334621259716777984,,-2225,-0.6642817967626797,,-1249.23222718298,1909399.0,400.0
276,JmQFZeoQ5DYNWVAUg2dtWXflot63,2022-04-22 01:07:22+00:00,3,3,cn0_dBHz,baseband_cn0_dBHz,snr_dB,33,28.313236192728834,0.1,0,0.0,0.0,,,0.1618679566308856,,,,,0,1334621260716777984,,-2225,-0.6642817967626797,,-1249.23222718298,7361496.0,400.0
277,JmQFZeoQ5DYNWVAUg2dtWXflot63,2022-04-22 01:23:28+00:00,16,1,cn0_dBHz,baseband_cn0_dBHz,snr_dB,3,-419.288502051495,0.1,0,0.0,0.0,,,0.9642887115478516,,,,,0,1334622225961842432,,-2225,-0.6642817967626797,,-1262.5624491193837,1282154.0,25.0
278,JmQFZeoQ5DYNWVAUg2dtWXflot63,2022-04-22 01:07:25+00:00,20,1,cn0_dBHz,baseband_cn0_dBHz,snr_dB,3,-891.4173915807623,0.1,0,0.0,0.0,,,0.7926653511822224,,,,,0,1334621263716777984,,-2225,-0.6642817967626797,,-1249.23222718298,1921320.0,400.0
279,JmQFZeoQ5DYNWVAUg2dtWXflot63,2022-04-22 01:07:26+00:00,12,3,cn0_dBHz,baseband_cn0_dBHz,snr_dB,33,59.37224000144718,0.1,0,0.0,0.0,,,0.9067044155672193,,,,,0,1334621264716777984,,-2225,-0.6642817967626797,,-1249.23222718298,421009.0,400.0
280,JmQFZeoQ5DYNWVAUg2dtWXflot63,2022-04-22 01:07:28+00:00,3,3,cn0_dBHz,baseband_cn0_dBHz,snr_dB,33,29.40695443154356,0.1,0,0.0,0.0,,,0.08842944353818893,,,,,0,1334621266716777984,,-2225,-0.6642817967626797,,-1249.23222718298,7360967.0,400.0
281,JmQFZeoQ5DYNWVAUg2dtWXflot63,2022-04-22 01:07:30+00:00,20,1,cn0_dBHz,baseband_cn0_dBHz,snr_dB,3,-891.3812032900751,0.1,0,0.0,0.0,,,0.3480381965637207,,,,,0,1334621268716777984,,-2225,-0.6642817967626797,,-1249.23222718298,1936199.0,400.0
282,JmQFZeoQ5DYNWVAUg2dtWXflot63,2022-04-22 01:07:31+00:00,20,1,cn0_dBHz,baseband_cn0_dBHz,snr_dB,3,-891.4722223242279,0.1,0,0.0,0.0,,,0.22602181509137154,,,,,0,1334621269716777984,,-2225,-0.6642817967626797,,-1249.23222718298,1939176.0,400.0
283,JmQFZeoQ5DYNWVAUg2dtWXflot63,2022-04-22 01:07:33+00:00,20,1,cn0_dBHz,baseband_cn0_dBHz,snr_dB,3,-892.7081072819419,0.1,0,0.0,0.0,,,0.5760614797472954,,,,,0,1334621271716777984,,-2225,-0.6642817967626797,,-1249.23222718298,1945142.0,400.0
284,JmQFZeoQ5DYNWVAUg2dtWXflot63,2022-04-22 01:07:34+00:00,20,1,cn0_dBHz,baseband_cn0_dBHz,snr_dB,3,-893.3112454600632,0.1,0,0.0,0.0,,,0.9822599291801453,,,,,0,1334621272716777984,,-2225,-0.6642817967626797,,-1249.23222718298,1948126.0,400.0
285,JmQFZeoQ5DYNWVAUg2dtWXflot63,2022-04-22 01:07:35+00:00,20,1,cn0_dBHz,baseband_cn0_dBHz,snr_dB,3,-894.1874407406431,0.1,0,0.0,0.0,,,0.08703561499714851,,,,,0,1334621273716777984,,-2225,-0.6642817967626797,,-1249.23222718298,1951115.0,400.0
286,JmQFZeoQ5DYNWVAUg2dtWXflot63,2022-04-22 01:23:38+00:00,16,1,cn0_dBHz,baseband_cn0_dBHz,snr_dB,3,-419.2797291325405,0.1,0,0.0,0.0,,,0.5791525542736053,,,,,0,1334622235961842432,,-2225,-0.6642817967626797,,-1262.5624491193837,1296124.0,400.0
287,JmQFZeoQ5DYNWVAUg2dtWXflot63,2022-04-22 01:07:36+00:00,3,3,cn0_dBHz,baseband_cn0_dBHz,snr_dB,33,35.409486813070075,0.1,0,0.0,0.0,,,0.8637376604601741,,,,,0,1334621274716777984,,-2225,-0.6642817967626797,,-1249.23222718298,7360079.0,400.0
288,JmQFZeoQ5DYNWVAUg2dtWXflot63,2022-04-22 01:07:37+00:00,20,1,cn0_dBHz,baseband_cn0_dBHz,snr_dB,3,-895.7731458416674,0.1,0,0.0,0.0,,,0.06921877339482307,,,,,0,1334621275716777984,,-2225,-0.6642817967626797,,-1249.23222718298,1957090.0,400.0
289,JmQFZeoQ5DYNWVAUg2dtWXflot63,2022-04-22 01:07:38+00:00,12,3,cn0_dBHz,baseband_cn0_dBHz,snr_dB,33,62.09072281560327,0.1,0,0.0,0.0,,,0.2824576999992132,,,,,0,1334621276716777984,,-2225,-0.6642817967626797,,-1249.23222718298,418476.0,10.0
290,JmQFZeoQ5DYNWVAUg2dtWXflot63,2022-04-22 01:07:40+00:00,20,1,cn0_dBHz,baseband_cn0_dBHz,snr_dB,3,-897.2217740840279,0.1,0,0.0,0.0,,,0.299685463309288,,,,,0,1334621278716777984,,-2225,-0.6642817967626797,,-1249.23222718298,1966064.0,400.0
291,JmQFZeoQ5DYNWVAUg2dtWXflot63,2022-04-22 01:23:43+00:00,16,1,cn0_dBHz,baseband_cn0_dBHz,snr_dB,3,-422.9161040391773,0.1,0,0.0,0.0,,,0.66750168800354,,,,,0,1334622240961842432,,-2225,-0.6642817967626797,,-1262.5624491193837,1303112.0,25.0
292,JmQFZeoQ5DYNWVAUg2dtWXflot63,2022-04-22 01:23:47+00:00,16,1,cn0_dBHz,baseband_cn0_dBHz,snr_dB,3,-424.3252541462425,0.1,0,0.0,0.0,,,0.6049417406320572,,,,,0,1334622244961842432,,-2225,-0.6642817967626797,,-1262.5624491193837,1308741.0,400.0
293,JmQFZeoQ5DYNWVAUg2dtWXflot63,2022-04-22 01:07:50+00:00,3,3,cn0_dBHz,baseband_cn0_dBHz,snr_dB,33,33.58662308171219,0.1,0,0.0,0.0,,,0.21072355657815933,,,,,0,1334621288716777984,,-2225,-0.6642817967626797,,-1249.23222718298,7358590.0,25.0
294,JmQFZeoQ5DYNWVAUg2dtWXflot63,2022-04-22 01:07:51+00:00,3,3,cn0_dBHz,baseband_cn0_dBHz,snr_dB,33,33.454573110621695,0.1,0,0.0,0.0,,,0.8415670040994883,,,,,0,1334621289716777984,,-2225,-0.6642817967626797,,-1249.23222718298,7358507.0,25.0
295,JmQFZeoQ5DYNWVAUg2dtWXflot63,2022-04-22 01:07:56+00:00,29,1,cn0_dBHz,baseband_cn0_dBHz,snr_dB,3,-534.0624075033702,0.1,0,0.0,0.0,,,0.08339793980121613,,,,,0,1334621294716777984,,-2225,-0.6642817967626797,,-1249.23222718298,12579237.0,25.0
296,JmQFZeoQ5DYNWVAUg2dtWXflot63,2022-04-22 01:07:39+00:00,20,1,cn0_dBHz,baseband_cn0_dBHz,snr_dB,3,-896.9234948395751,0.1,0,0.0,0.0,,,0.7861442789435387,,,,,0,1334621277716777984,,-2225,-0.6642817967626797,,-1249.23222718298,1963072.0,400.0
297,JmQFZeoQ5DYNWVAUg2dtWXflot63,2022-04-22 01:22:53+00:00,16,1,cn0_dBHz,baseband_cn0_dBHz,snr_dB,16399,-424.8231172969099,0.1,0,0.0,0.0,,,0.31237053126096725,,,,,0,1334622190961842432,,-2225,-0.6642817967626797,,-1262.5624491193837,433390881232875.0,25.0
298,JmQFZeoQ5DYNWVAUg2dtWXflot63,2022-04-22 01:07:46+00:00,20,1,cn0_dBHz,baseband_cn0_dBHz,snr_dB,3,-896.0856810794212,0.1,0,0.0,0.0,,,0.275049090385437,,,,,0,1334621284716777984,,-2225,-0.6642817967626797,,-1249.23222718298,1984007.0,400.0
299,JmQFZeoQ5DYNWVAUg2dtWXflot63,2022-04-22 01:07:47+00:00,4,1,cn0_dBHz,baseband_cn0_dBHz,snr_dB,3,231.87044119695202,0.1,0,0.0,0.0,,,0.4304896220564842,,,,,0,1334621285716777984,,-2225,-0.6642817967626797,,-1249.23222718298,17618244.0,25.0
300,JmQFZeoQ5DYNWVAUg2dtWXflot63,2022-04-22 01:07:54+00:00,7,1,cn0_dBHz,baseband_cn0_dBHz,snr_dB,3,-761.4970415539574,0.1,0,0.0,0.0,,,0.4315302073955536,,,,,0,1334621292716777984,,-2225,-0.6642817967626797,,-1249.23222718298,2657137.0,25.0
301,JmQFZeoQ5DYNWVAUg2dtWXflot63,2022-04-22 01:07:55+00:00,20,1,cn0_dBHz,baseband_cn0_dBHz,snr_dB,3,-894.5548067218624,0.1,0,0.0,0.0,,,0.39715012162923813,,,,,0,1334621293716777984,,-2225,-0.6642817967626797,,-1249.23222718298,2010899.0,400.0
302,JmQFZeoQ5DYNWVAUg2dtWXflot63,2022-04-22 01:07:57+00:00,7,1,cn0_dBHz,baseband_cn0_dBHz,snr_dB,3,-761.6615337843541,0.1,0,0.0,0.0,,,0.4478108026087284,,,,,0,1334621295716777984,,-2225,-0.6642817967626797,,-1249.23222718298,2664713.0,25.0
303,JmQFZeoQ5DYNWVAUg2dtWXflot63,2022-04-22 01:22:54+00:00,16,1,cn0_dBHz,baseband_cn0_dBHz,snr_dB,16399,-424.96238738531247,0.1,0,0.0,0.0,,,0.9168524667620659,,,,,0,1334622191961842432,,-2225,-0.6642817967626797,,-1262.5624491193837,433391881234296.0,25.0
304,JmQFZeoQ5DYNWVAUg2dtWXflot63,2022-04-22 01:07:41+00:00,20,1,cn0_dBHz,baseband_cn0_dBHz,snr_dB,3,-897.3182761925273,0.1,0,0.0,0.0,,,0.3620375171303749,,,,,0,1334621279716777984,,-2225,-0.6642817967626797,,-1249.23222718298,1969059.0,400.0
305,JmQFZeoQ5DYNWVAUg2dtWXflot63,2022-04-22 01:22:56+00:00,16,1,cn0_dBHz,baseband_cn0_dBHz,snr_dB,16399,-424.78802562109195,0.1,0,0.0,0.0,,,0.22774376347661018,,,,,0,1334622193961842432,,-2225,-0.6642817967626797,,-1262.5624491193837,433393881237137.0,25.0
306,JmQFZeoQ5DYNWVAUg2dtWXflot63,2022-04-22 01:07:42+00:00,20,1,cn0_dBHz,baseband_cn0_dBHz,snr_dB,3,-897.0419292454608,0.1,0,0.0,0.0,,,0.7531704604625702,,,,,0,1334621280716777984,,-2225,-0.6642817967626797,,-1249.23222718298,1972043.0,400.0
307,JmQFZeoQ5DYNWVAUg2dtWXflot63,2022-04-22 01:07:44+00:00,29,1,cn0_dBHz,baseband_cn0_dBHz,snr_dB,3,-535.3487367450725,0.1,0,0.0,0.0,,,0.9858032390475273,,,,,0,1334621282716777984,,-2225,-0.6642817967626797,,-1249.23222718298,12557870.0,25.0
308,JmQFZeoQ5DYNWVAUg2dtWXflot63,2022-04-22 01:07:45+00:00,20,1,cn0_dBHz,baseband_cn0_dBHz,snr_dB,3,-896.58135100035,0.1,0,0.0,0.0,,,0.6930417492985725,,,,,0,1334621283716777984,,-2225,-0.6642817967626797,,-1249.23222718298,1981019.0,400.0
309,JmQFZeoQ5DYNWVAUg2dtWXflot63,2022-04-22 01:07:48+00:00,20,1,cn0_dBHz,baseband_cn0_dBHz,snr_dB,3,-895.7446338550653,0.1,0,0.0,0.0,,,0.3532169833779335,,,,,0,1334621286716777984,,-2225,-0.6642817967626797,,-1249.23222718298,1989981.0,400.0
310,JmQFZeoQ5DYNWVAUg2dtWXflot63,2022-04-22 01:07:49+00:00,20,1,cn0_dBHz,baseband_cn0_dBHz,snr_dB,3,-896.081294619944,0.1,0,0.0,0.0,,,0.780609019100666,,,,,0,1334621287716777984,,-2225,-0.6642817967626797,,-1249.23222718298,1992974.0,400.0
311,JmQFZeoQ5DYNWVAUg2dtWXflot63,2022-04-22 01:07:52+00:00,3,3,cn0_dBHz,baseband_cn0_dBHz,snr_dB,33,33.19908512307705,0.1,0,0.0,0.0,,,0.9127960661426187,,,,,0,1334621290716777984,,-2225,-0.6642817967626797,,-1249.23222718298,7358375.0,25.0
312,JmQFZeoQ5DYNWVAUg2dtWXflot63,2022-04-22 01:07:53+00:00,3,3,cn0_dBHz,baseband_cn0_dBHz,snr_dB,33,33.56078721780318,0.1,0,0.0,0.0,,,0.3811856945976615,,,,,0,1334621291716777984,,-2225,-0.6642817967626797,,-1249.23222718298,7358297.0,400.0
